UPC,Brand,Segment,Category,Size,Manufacturer,
1.00E+11,Sealtest,Milk - Segment 2,Milk,500g,Lactalis,
1.00E+11,Maille,Condiments - Segment 2,Condiments,750g,Unilever,
1.00E+11,Tropicana,Juice - Segment 2,Juice,750g,PepsiCo,
1.00E+11,Reese,Chocolate - Segment 1,Chocolate,300g,Hershey,
1.00E+11,Great Value Milk,Milk - Segment 4,Milk,1000g,Walmart,
1.00E+11,Voortman,Cookies - Segment 3,Cookies,300g,Hostess,
1.00E+11,Hellmann's,Condiments - Segment 1,Condiments,250g,Unilever,
1.00E+11,Rice Krispies,Cereal - Segment 2,Cereal,750g,Kellogg's,
1.00E+11,PC Yogurt,Yogurt - Segment 2,Yogurt,300g,Loblaw,
1.00E+11,Mars,Chocolate - Segment 4,Chocolate,250g,Mars Inc,
1.00E+11,Famous Amos,Cookies - Segment 2,Cookies,750g,Ferrero,
1.00E+11,Great Value Yogurt,Yogurt - Segment 3,Yogurt,500g,Walmart,
1.00E+11,Special K,Cereal - Segment 1,Cereal,1000g,Kellogg's,
1.00E+11,Lactantia,Milk - Segment 3,Milk,750g,Parmalat,
1.00E+11,Natrel,Milk - Segment 3,Milk,1000g,Agropur,
1.00E+11,Corn Flakes,Cereal - Segment 3,Cereal,1000g,Kellogg's,
1.00E+11,Frosted Flakes,Cereal - Segment 1,Cereal,250g,Kellogg's,
1.00E+11,Leclerc,Cookies - Segment 2,Cookies,250g,Leclerc,
1.00E+11,Activia,Yogurt - Segment 1,Yogurt,750g,Danone,
1.00E+11,PC Chips,Chips - Segment 4,Chips,500g,Loblaw,
1.00E+11,Hellmann's,Condiments - Segment 3,Condiments,750g,Unilever,
1.00E+11,Minute Maid,Juice - Segment 3,Juice,500g,CocaCola,
1.00E+11,Famous Amos,Cookies - Segment 3,Cookies,500g,Ferrero,
1.00E+11,French's,Condiments - Segment 3,Condiments,1000g,McCormick,
1.00E+11,Leclerc,Cookies - Segment 1,Cookies,300g,Leclerc,
1.00E+11,Kraft,Condiments - Segment 3,Condiments,250g,Kraft Heinz,
1.00E+11,Chips Ahoy,Cookies - Segment 4,Cookies,300g,Mondelez,
1.00E+11,Coke,Soda - Segment 1,Soda,500g,CocaCola,
1.00E+11,Lays,Chips - Segment 2,Chips,750g,PepsiCo,
1.00E+11,Activia,Yogurt - Segment 4,Yogurt,300g,Danone,
1.00E+11,Miss Vickie's,Chips - Segment 3,Chips,500g,PepsiCo,
1.00E+11,Sealtest,Milk - Segment 3,Milk,1000g,Lactalis,
1.00E+11,PC Juice,Juice - Segment 4,Juice,500g,Loblaw,
1.00E+11,Simply,Juice - Segment 2,Juice,300g,CocaCola,
1.00E+11,PC Yogurt,Yogurt - Segment 2,Yogurt,500g,Loblaw,
1.00E+11,Yoplait,Yogurt - Segment 3,Yogurt,250g,General Mills,
1.00E+11,Doritos,Chips - Segment 1,Chips,500g,PepsiCo,
1.00E+11,Maille,Condiments - Segment 3,Condiments,300g,Unilever,
1.00E+11,Kraft,Condiments - Segment 2,Condiments,500g,Kraft Heinz,
1.00E+11,PC Juice,Juice - Segment 3,Juice,750g,Loblaw,
1.00E+11,Sealtest,Milk - Segment 3,Milk,250g,Lactalis,
1.00E+11,Oreo,Cookies - Segment 1,Cookies,750g,Mondelez,
1.00E+11,Oasis,Juice - Segment 1,Juice,750g,Lassonde,
1.00E+11,Hershey,Chocolate - Segment 3,Chocolate,750g,Hershey,
1.00E+11,Aero,Chocolate - Segment 1,Chocolate,500g,Nestle,
1.00E+11,PC Yogurt,Yogurt - Segment 1,Yogurt,250g,Loblaw,
1.00E+11,Lactantia,Milk - Segment 1,Milk,1000g,Parmalat,
1.00E+11,Raisin Bran,Cereal - Segment 2,Cereal,500g,Kellogg's,
1.00E+11,Oikos,Yogurt - Segment 2,Yogurt,750g,Danone,
1.00E+11,Chips Ahoy,Cookies - Segment 2,Cookies,1000g,Mondelez,
1.00E+11,Voortman,Cookies - Segment 2,Cookies,750g,Hostess,
1.00E+11,Sprite,Soda - Segment 3,Soda,250g,CocaCola,
1.00E+11,Neilson,Milk - Segment 3,Milk,500g,Saputo,
1.00E+11,Iago,Yogurt - Segment 2,Yogurt,250g,Ultima Foods,
1.00E+11,Tropicana,Juice - Segment 4,Juice,500g,PepsiCo,
1.00E+11,Canada Dry,Soda - Segment 1,Soda,250g,Keurig Dr Pepper,
1.00E+11,Aero,Chocolate - Segment 3,Chocolate,300g,Nestle,
1.00E+11,Yoplait,Yogurt - Segment 4,Yogurt,500g,General Mills,
1.00E+11,Tropicana,Juice - Segment 1,Juice,500g,PepsiCo,
1.00E+11,Heinz,Condiments - Segment 3,Condiments,300g,Kraft Heinz,
1.00E+11,Rougemont,Juice - Segment 4,Juice,250g,Lassonde,
1.00E+11,Vector,Cereal - Segment 2,Cereal,250g,Kellogg's,
1.00E+11,Iago,Yogurt - Segment 2,Yogurt,300g,Ultima Foods,
1.00E+11,Vector,Cereal - Segment 4,Cereal,250g,Kellogg's,
1.00E+11,Oikos,Yogurt - Segment 2,Yogurt,1000g,Danone,
1.00E+11,Coke,Soda - Segment 4,Soda,500g,CocaCola,
1.00E+11,Simply,Juice - Segment 2,Juice,750g,CocaCola,
1.00E+11,Coke,Soda - Segment 2,Soda,250g,CocaCola,
1.00E+11,Great Value Condiments,Condiments - Segment 3,Condiments,500g,Walmart,
1.00E+11,Heinz,Condiments - Segment 2,Condiments,1000g,Kraft Heinz,
1.00E+11,Hershey,Chocolate - Segment 2,Chocolate,1000g,Hershey,
1.00E+11,Vector,Cereal - Segment 4,Cereal,500g,Kellogg's,
1.00E+11,Great Value Condiments,Condiments - Segment 2,Condiments,1000g,Walmart,
1.00E+11,Tropicana,Juice - Segment 4,Juice,500g,PepsiCo,
1.00E+11,Great Value Condiments,Condiments - Segment 2,Condiments,750g,Walmart,
1.00E+11,Frosted Flakes,Cereal - Segment 2,Cereal,250g,Kellogg's,
1.00E+11,Kettle,Chips - Segment 3,Chips,1000g,Campbell's,
1.00E+11,Yoplait,Yogurt - Segment 2,Yogurt,750g,General Mills,
1.00E+11,French's,Condiments - Segment 3,Condiments,250g,McCormick,
1.00E+11,Yoplait,Yogurt - Segment 2,Yogurt,250g,General Mills,
1.00E+11,Chips Ahoy,Cookies - Segment 2,Cookies,750g,Mondelez,
1.00E+11,Leclerc,Cookies - Segment 3,Cookies,500g,Leclerc,
1.00E+11,Chips Ahoy,Cookies - Segment 1,Cookies,250g,Mondelez,
1.00E+11,Minute Maid,Juice - Segment 2,Juice,500g,CocaCola,
1.00E+11,Maille,Condiments - Segment 2,Condiments,1000g,Unilever,
1.00E+11,Corn Flakes,Cereal - Segment 3,Cereal,750g,Kellogg's,
1.00E+11,Twix,Chocolate - Segment 1,Chocolate,300g,Mars Inc,
1.00E+11,Rougemont,Juice - Segment 1,Juice,500g,Lassonde,
1.00E+11,Famous Amos,Cookies - Segment 3,Cookies,750g,Ferrero,
1.00E+11,Simply,Juice - Segment 2,Juice,250g,CocaCola,
1.00E+11,Hellmann's,Condiments - Segment 3,Condiments,300g,Unilever,
1.00E+11,Coke,Soda - Segment 1,Soda,300g,CocaCola,
1.00E+11,Hershey,Chocolate - Segment 3,Chocolate,500g,Hershey,
1.00E+11,Lactantia,Milk - Segment 4,Milk,250g,Parmalat,
1.00E+11,Leclerc,Cookies - Segment 3,Cookies,1000g,Leclerc,
1.00E+11,Great Value Milk,Milk - Segment 2,Milk,750g,Walmart,
1.00E+11,Raisin Bran,Cereal - Segment 4,Cereal,300g,Kellogg's,
1.00E+11,Great Value Condiments,Condiments - Segment 1,Condiments,750g,Walmart,
1.00E+11,Special K,Cereal - Segment 3,Cereal,1000g,Kellogg's,
1.00E+11,Coke,Soda - Segment 3,Soda,750g,CocaCola,
1.00E+11,Chips Ahoy,Cookies - Segment 2,Cookies,250g,Mondelez,
1.00E+11,Frosted Flakes,Cereal - Segment 2,Cereal,500g,Kellogg's,
1.00E+11,Ruffles,Chips - Segment 2,Chips,300g,PepsiCo,
1.00E+11,Sealtest,Milk - Segment 2,Milk,250g,Lactalis,
1.00E+11,Leclerc,Cookies - Segment 1,Cookies,500g,Leclerc,
1.00E+11,Canada Dry,Soda - Segment 4,Soda,1000g,Keurig Dr Pepper,
1.00E+11,Great Value Juice,Juice - Segment 3,Juice,250g,Walmart,
1.00E+11,Kettle,Chips - Segment 1,Chips,500g,Campbell's,
1.00E+11,KitKat,Chocolate - Segment 3,Chocolate,250g,Nestle,
1.00E+11,Coke,Soda - Segment 2,Soda,250g,CocaCola,
1.00E+11,Mars,Chocolate - Segment 2,Chocolate,300g,Mars Inc,
1.00E+11,PC Chips,Chips - Segment 4,Chips,750g,Loblaw,
1.00E+11,Sealtest,Milk - Segment 2,Milk,300g,Lactalis,
1.00E+11,Coke,Soda - Segment 2,Soda,750g,CocaCola,
1.00E+11,Vector,Cereal - Segment 3,Cereal,500g,Kellogg's,
1.00E+11,Tropicana,Juice - Segment 4,Juice,500g,PepsiCo,
1.00E+11,Miss Vickie's,Chips - Segment 1,Chips,750g,PepsiCo,
1.00E+11,Great Value Milk,Milk - Segment 4,Milk,500g,Walmart,
1.00E+11,Great Value Milk,Milk - Segment 4,Milk,500g,Walmart,
1.00E+11,Minute Maid,Juice - Segment 1,Juice,300g,CocaCola,
1.00E+11,Peek Freans,Cookies - Segment 4,Cookies,500g,Mondelez,
1.00E+11,Pepsi,Soda - Segment 3,Soda,500g,PepsiCo,
1.00E+11,Canada Dry,Soda - Segment 4,Soda,750g,Keurig Dr Pepper,
1.00E+11,Doritos,Chips - Segment 1,Chips,750g,PepsiCo,
1.00E+11,Twix,Chocolate - Segment 2,Chocolate,300g,Mars Inc,
1.00E+11,Twix,Chocolate - Segment 1,Chocolate,300g,Mars Inc,
1.00E+11,Lactantia,Milk - Segment 2,Milk,300g,Parmalat,
1.00E+11,7UP,Soda - Segment 3,Soda,300g,PepsiCo,
1.00E+11,Great Value Yogurt,Yogurt - Segment 4,Yogurt,250g,Walmart,
1.00E+11,Kraft,Condiments - Segment 4,Condiments,300g,Kraft Heinz,
1.00E+11,PC Yogurt,Yogurt - Segment 1,Yogurt,250g,Loblaw,
1.00E+11,Doritos,Chips - Segment 3,Chips,250g,PepsiCo,
1.00E+11,Kraft,Condiments - Segment 1,Condiments,500g,Kraft Heinz,
1.00E+11,Activia,Yogurt - Segment 1,Yogurt,1000g,Danone,
1.00E+11,Miss Vickie's,Chips - Segment 1,Chips,300g,PepsiCo,
1.00E+11,Canada Dry,Soda - Segment 4,Soda,300g,Keurig Dr Pepper,
1.00E+11,Dr Pepper,Soda - Segment 1,Soda,500g,Keurig Dr Pepper,
1.00E+11,PC Condiments,Condiments - Segment 2,Condiments,250g,Loblaw,
1.00E+11,Rougemont,Juice - Segment 1,Juice,1000g,Lassonde,
1.00E+11,Smarties,Chocolate - Segment 4,Chocolate,750g,Nestle,
1.00E+11,Canada Dry,Soda - Segment 1,Soda,500g,Keurig Dr Pepper,
1.00E+11,Heinz,Condiments - Segment 2,Condiments,500g,Kraft Heinz,
1.00E+11,Mars,Chocolate - Segment 4,Chocolate,1000g,Mars Inc,
1.00E+11,Corn Flakes,Cereal - Segment 4,Cereal,750g,Kellogg's,
1.00E+11,Natrel,Milk - Segment 2,Milk,750g,Agropur,
1.00E+11,PC Chips,Chips - Segment 4,Chips,300g,Loblaw,
1.00E+11,Tropicana,Juice - Segment 2,Juice,750g,PepsiCo,
1.00E+11,Voortman,Cookies - Segment 1,Cookies,1000g,Hostess,
1.00E+11,Hellmann's,Condiments - Segment 4,Condiments,300g,Unilever,
1.00E+11,Mountain Dew,Soda - Segment 1,Soda,250g,PepsiCo,
1.00E+11,PC Yogurt,Yogurt - Segment 4,Yogurt,750g,Loblaw,
1.00E+11,Kraft,Condiments - Segment 4,Condiments,250g,Kraft Heinz,
1.00E+11,Great Value Condiments,Condiments - Segment 4,Condiments,300g,Walmart,
1.00E+11,Lactantia,Milk - Segment 2,Milk,1000g,Parmalat,
1.00E+11,Leclerc,Cookies - Segment 3,Cookies,1000g,Leclerc,
1.00E+11,Corn Flakes,Cereal - Segment 4,Cereal,250g,Kellogg's,
1.00E+11,Hellmann's,Condiments - Segment 2,Condiments,300g,Unilever,
1.00E+11,Rice Krispies,Cereal - Segment 4,Cereal,250g,Kellogg's,
1.00E+11,Doritos,Chips - Segment 1,Chips,250g,PepsiCo,
1.00E+11,Sealtest,Milk - Segment 1,Milk,300g,Lactalis,
1.00E+11,Tropicana,Juice - Segment 2,Juice,250g,PepsiCo,
1.00E+11,Special K,Cereal - Segment 3,Cereal,300g,Kellogg's,
1.00E+11,Frosted Flakes,Cereal - Segment 3,Cereal,250g,Kellogg's,
1.00E+11,Rougemont,Juice - Segment 1,Juice,1000g,Lassonde,
1.00E+11,Vector,Cereal - Segment 4,Cereal,250g,Kellogg's,
1.00E+11,Raisin Bran,Cereal - Segment 4,Cereal,500g,Kellogg's,
1.00E+11,Agropur,Milk - Segment 1,Milk,500g,Agropur,
1.00E+11,Iago,Yogurt - Segment 4,Yogurt,1000g,Ultima Foods,
1.00E+11,Lactantia,Milk - Segment 1,Milk,250g,Parmalat,
1.00E+11,Sprite,Soda - Segment 4,Soda,1000g,CocaCola,
1.00E+11,Cheerios,Cereal - Segment 3,Cereal,1000g,General Mills,
1.00E+11,Great Value Juice,Juice - Segment 1,Juice,500g,Walmart,
1.00E+11,Rougemont,Juice - Segment 3,Juice,750g,Lassonde,
1.00E+11,Voortman,Cookies - Segment 1,Cookies,300g,Hostess,
1.00E+11,Aero,Chocolate - Segment 1,Chocolate,300g,Nestle,
1.00E+11,Oreo,Cookies - Segment 3,Cookies,1000g,Mondelez,
1.00E+11,Raisin Bran,Cereal - Segment 2,Cereal,750g,Kellogg's,
1.00E+11,Doritos,Chips - Segment 1,Chips,1000g,PepsiCo,
1.00E+11,Cheerios,Cereal - Segment 4,Cereal,250g,General Mills,
1.00E+11,Agropur,Milk - Segment 4,Milk,300g,Agropur,
1.00E+11,Neilson,Milk - Segment 2,Milk,250g,Saputo,
1.00E+11,Oasis,Juice - Segment 3,Juice,750g,Lassonde,
1.00E+11,Hershey,Chocolate - Segment 2,Chocolate,500g,Hershey,
1.00E+11,Pringles,Chips - Segment 2,Chips,750g,Kellogg's,
1.00E+11,Rice Krispies,Cereal - Segment 2,Cereal,250g,Kellogg's,
1.00E+11,Ruffles,Chips - Segment 3,Chips,750g,PepsiCo,
1.00E+11,Natrel,Milk - Segment 4,Milk,1000g,Agropur,
1.00E+11,Canada Dry,Soda - Segment 3,Soda,750g,Keurig Dr Pepper,
1.00E+11,Minute Maid,Juice - Segment 3,Juice,750g,CocaCola,
1.00E+11,Doritos,Chips - Segment 1,Chips,750g,PepsiCo,
1.00E+11,Voortman,Cookies - Segment 4,Cookies,750g,Hostess,
1.00E+11,PC Yogurt,Yogurt - Segment 1,Yogurt,1000g,Loblaw,
1.00E+11,Voortman,Cookies - Segment 4,Cookies,300g,Hostess,
1.00E+11,KitKat,Chocolate - Segment 3,Chocolate,1000g,Nestle,
1.00E+11,Iago,Yogurt - Segment 3,Yogurt,750g,Ultima Foods,
1.00E+11,7UP,Soda - Segment 1,Soda,750g,PepsiCo,
1.00E+11,Sealtest,Milk - Segment 1,Milk,500g,Lactalis,
1.00E+11,Oasis,Juice - Segment 4,Juice,500g,Lassonde,
1.00E+11,Great Value Milk,Milk - Segment 4,Milk,250g,Walmart,
1.00E+11,Maille,Condiments - Segment 2,Condiments,300g,Unilever,
1.00E+11,Famous Amos,Cookies - Segment 2,Cookies,500g,Ferrero,
1.00E+11,Kettle,Chips - Segment 1,Chips,300g,Campbell's,
1.00E+11,Iago,Yogurt - Segment 4,Yogurt,500g,Ultima Foods,
1.00E+11,Sprite,Soda - Segment 2,Soda,750g,CocaCola,
1.00E+11,Hershey,Chocolate - Segment 1,Chocolate,1000g,Hershey,
1.00E+11,Lays,Chips - Segment 2,Chips,300g,PepsiCo,
1.00E+11,Cheerios,Cereal - Segment 3,Cereal,1000g,General Mills,
1.00E+11,Special K,Cereal - Segment 3,Cereal,750g,Kellogg's,
1.00E+11,Pepsi,Soda - Segment 2,Soda,1000g,PepsiCo,
1.00E+11,Simply,Juice - Segment 1,Juice,300g,CocaCola,
1.00E+11,Smarties,Chocolate - Segment 3,Chocolate,500g,Nestle,
1.00E+11,7UP,Soda - Segment 3,Soda,750g,PepsiCo,
1.00E+11,KitKat,Chocolate - Segment 1,Chocolate,500g,Nestle,
1.00E+11,Maille,Condiments - Segment 2,Condiments,1000g,Unilever,
1.00E+11,Pringles,Chips - Segment 3,Chips,1000g,Kellogg's,
1.00E+11,Rice Krispies,Cereal - Segment 1,Cereal,300g,Kellogg's,
1.00E+11,Natrel,Milk - Segment 1,Milk,750g,Agropur,
1.00E+11,Corn Flakes,Cereal - Segment 2,Cereal,1000g,Kellogg's,
1.00E+11,Vector,Cereal - Segment 1,Cereal,300g,Kellogg's,
1.00E+11,Great Value Yogurt,Yogurt - Segment 4,Yogurt,250g,Walmart,
1.00E+11,Reese,Chocolate - Segment 4,Chocolate,250g,Hershey,
1.00E+11,Sprite,Soda - Segment 1,Soda,1000g,CocaCola,
1.00E+11,PC Yogurt,Yogurt - Segment 2,Yogurt,500g,Loblaw,
1.00E+11,Doritos,Chips - Segment 4,Chips,250g,PepsiCo,
1.00E+11,Chips Ahoy,Cookies - Segment 2,Cookies,1000g,Mondelez,
1.00E+11,Canada Dry,Soda - Segment 4,Soda,250g,Keurig Dr Pepper,
1.00E+11,Canada Dry,Soda - Segment 3,Soda,1000g,Keurig Dr Pepper,
1.00E+11,Hellmann's,Condiments - Segment 4,Condiments,250g,Unilever,
1.00E+11,French's,Condiments - Segment 3,Condiments,750g,McCormick,
1.00E+11,Great Value Yogurt,Yogurt - Segment 1,Yogurt,250g,Walmart,
1.00E+11,Pepsi,Soda - Segment 4,Soda,750g,PepsiCo,
1.00E+11,Pringles,Chips - Segment 3,Chips,500g,Kellogg's,
1.00E+11,Mars,Chocolate - Segment 3,Chocolate,500g,Mars Inc,
1.00E+11,PC Condiments,Condiments - Segment 3,Condiments,300g,Loblaw,
1.00E+11,Special K,Cereal - Segment 1,Cereal,500g,Kellogg's,
1.00E+11,Smarties,Chocolate - Segment 3,Chocolate,1000g,Nestle,
1.00E+11,Hellmann's,Condiments - Segment 1,Condiments,500g,Unilever,
1.00E+11,Lactantia,Milk - Segment 4,Milk,300g,Parmalat,
1.00E+11,Lays,Chips - Segment 3,Chips,250g,PepsiCo,
1.00E+11,Agropur,Milk - Segment 1,Milk,250g,Agropur,
1.00E+11,Oikos,Yogurt - Segment 3,Yogurt,750g,Danone,
1.00E+11,Lactantia,Milk - Segment 4,Milk,300g,Parmalat,
1.00E+11,Mountain Dew,Soda - Segment 2,Soda,1000g,PepsiCo,
1.00E+11,PC Yogurt,Yogurt - Segment 1,Yogurt,500g,Loblaw,
1.00E+11,Heinz,Condiments - Segment 3,Condiments,750g,Kraft Heinz,
1.00E+11,Simply,Juice - Segment 3,Juice,1000g,CocaCola,
1.00E+11,Yoplait,Yogurt - Segment 1,Yogurt,1000g,General Mills,
1.00E+11,Great Value Condiments,Condiments - Segment 2,Condiments,300g,Walmart,
1.00E+11,Sprite,Soda - Segment 4,Soda,750g,CocaCola,
1.00E+11,Agropur,Milk - Segment 3,Milk,300g,Agropur,
1.00E+11,Heinz,Condiments - Segment 3,Condiments,1000g,Kraft Heinz,
1.00E+11,Oikos,Yogurt - Segment 4,Yogurt,300g,Danone,
1.00E+11,Dr Pepper,Soda - Segment 4,Soda,500g,Keurig Dr Pepper,
1.00E+11,Miss Vickie's,Chips - Segment 2,Chips,1000g,PepsiCo,
1.00E+11,Doritos,Chips - Segment 2,Chips,500g,PepsiCo,
1.00E+11,Oasis,Juice - Segment 3,Juice,300g,Lassonde,
1.00E+11,Lays,Chips - Segment 2,Chips,500g,PepsiCo,
1.00E+11,Simply,Juice - Segment 1,Juice,1000g,CocaCola,
1.00E+11,Chips Ahoy,Cookies - Segment 1,Cookies,250g,Mondelez,
1.00E+11,Maille,Condiments - Segment 3,Condiments,750g,Unilever,
1.00E+11,PC Juice,Juice - Segment 4,Juice,750g,Loblaw,
1.00E+11,Iago,Yogurt - Segment 1,Yogurt,750g,Ultima Foods,
1.00E+11,KitKat,Chocolate - Segment 4,Chocolate,250g,Nestle,
1.00E+11,Miss Vickie's,Chips - Segment 1,Chips,500g,PepsiCo,
1.00E+11,PC Condiments,Condiments - Segment 2,Condiments,300g,Loblaw,
1.00E+11,Corn Flakes,Cereal - Segment 2,Cereal,300g,Kellogg's,
1.00E+11,Heinz,Condiments - Segment 1,Condiments,250g,Kraft Heinz,
1.00E+11,KitKat,Chocolate - Segment 1,Chocolate,500g,Nestle,
1.00E+11,Yoplait,Yogurt - Segment 2,Yogurt,250g,General Mills,
1.00E+11,Corn Flakes,Cereal - Segment 3,Cereal,1000g,Kellogg's,
1.00E+11,PC Juice,Juice - Segment 4,Juice,500g,Loblaw,
1.00E+11,Rice Krispies,Cereal - Segment 3,Cereal,300g,Kellogg's,
1.00E+11,KitKat,Chocolate - Segment 2,Chocolate,500g,Nestle,
1.00E+11,Agropur,Milk - Segment 1,Milk,750g,Agropur,
1.00E+11,French's,Condiments - Segment 1,Condiments,1000g,McCormick,
1.00E+11,Sprite,Soda - Segment 3,Soda,250g,CocaCola,
1.00E+11,Famous Amos,Cookies - Segment 3,Cookies,500g,Ferrero,
1.00E+11,Great Value Condiments,Condiments - Segment 4,Condiments,750g,Walmart,
1.00E+11,Kettle,Chips - Segment 2,Chips,500g,Campbell's,
1.00E+11,Kettle,Chips - Segment 2,Chips,1000g,Campbell's,
1.00E+11,Rice Krispies,Cereal - Segment 1,Cereal,300g,Kellogg's,
1.00E+11,Great Value Yogurt,Yogurt - Segment 1,Yogurt,250g,Walmart,
1.00E+11,Liberta,Yogurt - Segment 1,Yogurt,1000g,General Mills,
1.00E+11,Coke,Soda - Segment 1,Soda,750g,CocaCola,
1.00E+11,Iago,Yogurt - Segment 4,Yogurt,300g,Ultima Foods,
1.00E+11,Hershey,Chocolate - Segment 2,Chocolate,500g,Hershey,
1.00E+11,Beatrice,Milk - Segment 4,Milk,750g,Parmalat,
1.00E+11,Corn Flakes,Cereal - Segment 1,Cereal,250g,Kellogg's,
1.00E+11,Hellmann's,Condiments - Segment 2,Condiments,300g,Unilever,
1.00E+11,7UP,Soda - Segment 1,Soda,500g,PepsiCo,
1.00E+11,Heinz,Condiments - Segment 4,Condiments,300g,Kraft Heinz,
1.00E+11,Canada Dry,Soda - Segment 2,Soda,250g,Keurig Dr Pepper,
1.00E+11,Neilson,Milk - Segment 1,Milk,250g,Saputo,
1.00E+11,Miss Vickie's,Chips - Segment 2,Chips,750g,PepsiCo,
1.00E+11,Frosted Flakes,Cereal - Segment 3,Cereal,1000g,Kellogg's,
1.00E+11,Twix,Chocolate - Segment 2,Chocolate,750g,Mars Inc,
1.00E+11,Iago,Yogurt - Segment 4,Yogurt,250g,Ultima Foods,
1.00E+11,Simply,Juice - Segment 2,Juice,300g,CocaCola,
1.00E+11,Lays,Chips - Segment 1,Chips,500g,PepsiCo,
1.00E+11,Rice Krispies,Cereal - Segment 3,Cereal,300g,Kellogg's,
1.00E+11,PC Condiments,Condiments - Segment 1,Condiments,300g,Loblaw,
1.00E+11,PC Juice,Juice - Segment 2,Juice,1000g,Loblaw,
1.00E+11,Lays,Chips - Segment 3,Chips,500g,PepsiCo,
1.00E+11,Cheerios,Cereal - Segment 3,Cereal,250g,General Mills,
1.00E+11,Great Value Juice,Juice - Segment 1,Juice,1000g,Walmart,
1.00E+11,Great Value Yogurt,Yogurt - Segment 4,Yogurt,750g,Walmart,
1.00E+11,PC Juice,Juice - Segment 4,Juice,750g,Loblaw,
1.00E+11,Frosted Flakes,Cereal - Segment 4,Cereal,1000g,Kellogg's,
1.00E+11,Twix,Chocolate - Segment 1,Chocolate,750g,Mars Inc,
1.00E+11,Twix,Chocolate - Segment 4,Chocolate,300g,Mars Inc,
1.00E+11,Sealtest,Milk - Segment 1,Milk,750g,Lactalis,
1.00E+11,Beatrice,Milk - Segment 3,Milk,500g,Parmalat,
1.00E+11,PC Juice,Juice - Segment 3,Juice,1000g,Loblaw,
1.00E+11,PC Chips,Chips - Segment 3,Chips,250g,Loblaw,
1.00E+11,Oikos,Yogurt - Segment 1,Yogurt,250g,Danone,
1.00E+11,Iago,Yogurt - Segment 2,Yogurt,500g,Ultima Foods,
1.00E+11,Pringles,Chips - Segment 1,Chips,300g,Kellogg's,
1.00E+11,Oreo,Cookies - Segment 1,Cookies,300g,Mondelez,
1.00E+11,Yoplait,Yogurt - Segment 2,Yogurt,750g,General Mills,
1.00E+11,Activia,Yogurt - Segment 4,Yogurt,250g,Danone,
1.00E+11,Aero,Chocolate - Segment 2,Chocolate,250g,Nestle,
1.00E+11,PC Chips,Chips - Segment 4,Chips,250g,Loblaw,
1.00E+11,PC Yogurt,Yogurt - Segment 4,Yogurt,250g,Loblaw,
1.00E+11,Liberta,Yogurt - Segment 2,Yogurt,250g,General Mills,
1.00E+11,Pepsi,Soda - Segment 2,Soda,250g,PepsiCo,
1.00E+11,PC Condiments,Condiments - Segment 1,Condiments,1000g,Loblaw,
1.00E+11,Minute Maid,Juice - Segment 3,Juice,1000g,CocaCola,
1.00E+11,Lactantia,Milk - Segment 4,Milk,300g,Parmalat,
1.00E+11,Kraft,Condiments - Segment 4,Condiments,750g,Kraft Heinz,
1.00E+11,Corn Flakes,Cereal - Segment 4,Cereal,250g,Kellogg's,
1.00E+11,Heinz,Condiments - Segment 3,Condiments,750g,Kraft Heinz,
1.00E+11,PC Condiments,Condiments - Segment 1,Condiments,300g,Loblaw,
1.00E+11,Pringles,Chips - Segment 2,Chips,250g,Kellogg's,
1.00E+11,Corn Flakes,Cereal - Segment 4,Cereal,300g,Kellogg's,
1.00E+11,Cheerios,Cereal - Segment 1,Cereal,300g,General Mills,
1.00E+11,Dr Pepper,Soda - Segment 2,Soda,250g,Keurig Dr Pepper,
1.00E+11,Heinz,Condiments - Segment 4,Condiments,1000g,Kraft Heinz,
1.00E+11,Oikos,Yogurt - Segment 2,Yogurt,300g,Danone,
1.00E+11,Great Value Yogurt,Yogurt - Segment 4,Yogurt,1000g,Walmart,
1.00E+11,Reese,Chocolate - Segment 4,Chocolate,250g,Hershey,
1.00E+11,PC Juice,Juice - Segment 4,Juice,300g,Loblaw,
1.00E+11,Twix,Chocolate - Segment 4,Chocolate,250g,Mars Inc,
1.00E+11,Liberta,Yogurt - Segment 1,Yogurt,250g,General Mills,
1.00E+11,Cheerios,Cereal - Segment 1,Cereal,300g,General Mills,
1.00E+11,Rougemont,Juice - Segment 3,Juice,300g,Lassonde,
1.00E+11,Minute Maid,Juice - Segment 2,Juice,750g,CocaCola,
1.00E+11,Rougemont,Juice - Segment 2,Juice,300g,Lassonde,
1.00E+11,Special K,Cereal - Segment 4,Cereal,250g,Kellogg's,
1.00E+11,Corn Flakes,Cereal - Segment 3,Cereal,500g,Kellogg's,
1.00E+11,Coke,Soda - Segment 4,Soda,750g,CocaCola,
1.00E+11,Lays,Chips - Segment 2,Chips,300g,PepsiCo,
1.00E+11,Rice Krispies,Cereal - Segment 3,Cereal,250g,Kellogg's,
1.00E+11,Kraft,Condiments - Segment 4,Condiments,300g,Kraft Heinz,
1.00E+11,Great Value Yogurt,Yogurt - Segment 2,Yogurt,1000g,Walmart,
1.00E+11,Canada Dry,Soda - Segment 2,Soda,500g,Keurig Dr Pepper,
1.00E+11,Great Value Yogurt,Yogurt - Segment 4,Yogurt,750g,Walmart,
1.00E+11,Miss Vickie's,Chips - Segment 2,Chips,500g,PepsiCo,
1.00E+11,Cheerios,Cereal - Segment 1,Cereal,750g,General Mills,
1.00E+11,Sealtest,Milk - Segment 1,Milk,750g,Lactalis,
1.00E+11,PC Juice,Juice - Segment 1,Juice,750g,Loblaw,
1.00E+11,Kettle,Chips - Segment 2,Chips,750g,Campbell's,
1.00E+11,Rougemont,Juice - Segment 4,Juice,750g,Lassonde,
1.00E+11,Hellmann's,Condiments - Segment 3,Condiments,300g,Unilever,
1.00E+11,PC Condiments,Condiments - Segment 1,Condiments,250g,Loblaw,
1.00E+11,Yoplait,Yogurt - Segment 3,Yogurt,1000g,General Mills,
1.00E+11,Hershey,Chocolate - Segment 4,Chocolate,1000g,Hershey,
1.00E+11,Mars,Chocolate - Segment 2,Chocolate,500g,Mars Inc,
1.00E+11,Iago,Yogurt - Segment 3,Yogurt,750g,Ultima Foods,
1.00E+11,Great Value Yogurt,Yogurt - Segment 1,Yogurt,500g,Walmart,
1.00E+11,Natrel,Milk - Segment 2,Milk,500g,Agropur,
1.00E+11,KitKat,Chocolate - Segment 3,Chocolate,1000g,Nestle,
1.00E+11,Cheerios,Cereal - Segment 3,Cereal,500g,General Mills,
1.00E+11,Oreo,Cookies - Segment 4,Cookies,300g,Mondelez,
1.00E+11,Miss Vickie's,Chips - Segment 3,Chips,300g,PepsiCo,
1.00E+11,Famous Amos,Cookies - Segment 4,Cookies,500g,Ferrero,
1.00E+11,Heinz,Condiments - Segment 2,Condiments,300g,Kraft Heinz,
1.00E+11,Simply,Juice - Segment 4,Juice,300g,CocaCola,
1.00E+11,Rice Krispies,Cereal - Segment 1,Cereal,500g,Kellogg's,
1.00E+11,Yoplait,Yogurt - Segment 1,Yogurt,250g,General Mills,
1.00E+11,Kettle,Chips - Segment 1,Chips,250g,Campbell's,
1.00E+11,Mountain Dew,Soda - Segment 1,Soda,750g,PepsiCo,
1.00E+11,Twix,Chocolate - Segment 2,Chocolate,300g,Mars Inc,
1.00E+11,Miss Vickie's,Chips - Segment 2,Chips,750g,PepsiCo,
1.00E+11,Great Value Condiments,Condiments - Segment 3,Condiments,750g,Walmart,
1.00E+11,Kettle,Chips - Segment 2,Chips,300g,Campbell's,
1.00E+11,French's,Condiments - Segment 1,Condiments,250g,McCormick,
1.00E+11,Mountain Dew,Soda - Segment 4,Soda,1000g,PepsiCo,
1.00E+11,Lays,Chips - Segment 1,Chips,300g,PepsiCo,
1.00E+11,Twix,Chocolate - Segment 3,Chocolate,1000g,Mars Inc,
1.00E+11,Ruffles,Chips - Segment 1,Chips,500g,PepsiCo,
1.00E+11,Lactantia,Milk - Segment 1,Milk,250g,Parmalat,
1.00E+11,Neilson,Milk - Segment 1,Milk,750g,Saputo,
1.00E+11,Frosted Flakes,Cereal - Segment 1,Cereal,250g,Kellogg's,
1.00E+11,Ruffles,Chips - Segment 1,Chips,250g,PepsiCo,
1.00E+11,Coke,Soda - Segment 1,Soda,250g,CocaCola,
1.00E+11,Great Value Yogurt,Yogurt - Segment 4,Yogurt,250g,Walmart,
1.00E+11,Yoplait,Yogurt - Segment 1,Yogurt,750g,General Mills,
1.00E+11,Coke,Soda - Segment 4,Soda,250g,CocaCola,
1.00E+11,Special K,Cereal - Segment 2,Cereal,1000g,Kellogg's,
1.00E+11,Great Value Juice,Juice - Segment 2,Juice,500g,Walmart,
1.00E+11,7UP,Soda - Segment 4,Soda,250g,PepsiCo,
1.00E+11,Kraft,Condiments - Segment 4,Condiments,1000g,Kraft Heinz,
1.00E+11,Oikos,Yogurt - Segment 4,Yogurt,500g,Danone,
1.00E+11,Doritos,Chips - Segment 1,Chips,500g,PepsiCo,
1.00E+11,Activia,Yogurt - Segment 1,Yogurt,500g,Danone,
1.00E+11,Kettle,Chips - Segment 2,Chips,1000g,Campbell's,
1.00E+11,Special K,Cereal - Segment 3,Cereal,300g,Kellogg's,
1.00E+11,PC Chips,Chips - Segment 4,Chips,500g,Loblaw,
1.00E+11,Heinz,Condiments - Segment 1,Condiments,250g,Kraft Heinz,
1.00E+11,Leclerc,Cookies - Segment 4,Cookies,250g,Leclerc,
1.00E+11,Simply,Juice - Segment 4,Juice,500g,CocaCola,
1.00E+11,7UP,Soda - Segment 3,Soda,500g,PepsiCo,
1.00E+11,Dr Pepper,Soda - Segment 1,Soda,250g,Keurig Dr Pepper,
1.00E+11,Voortman,Cookies - Segment 1,Cookies,500g,Hostess,
1.00E+11,PC Condiments,Condiments - Segment 1,Condiments,500g,Loblaw,
1.00E+11,Coke,Soda - Segment 4,Soda,1000g,CocaCola,
1.00E+11,Voortman,Cookies - Segment 3,Cookies,750g,Hostess,
1.00E+11,Maille,Condiments - Segment 4,Condiments,750g,Unilever,
1.00E+11,Special K,Cereal - Segment 1,Cereal,750g,Kellogg's,
1.00E+11,Aero,Chocolate - Segment 2,Chocolate,300g,Nestle,
1.00E+11,Smarties,Chocolate - Segment 1,Chocolate,250g,Nestle,
1.00E+11,PC Juice,Juice - Segment 2,Juice,250g,Loblaw,
1.00E+11,Lactantia,Milk - Segment 1,Milk,500g,Parmalat,
1.00E+11,Corn Flakes,Cereal - Segment 4,Cereal,300g,Kellogg's,
1.00E+11,Rice Krispies,Cereal - Segment 3,Cereal,250g,Kellogg's,
1.00E+11,Special K,Cereal - Segment 4,Cereal,750g,Kellogg's,
1.00E+11,Chips Ahoy,Cookies - Segment 4,Cookies,500g,Mondelez,
1.00E+11,Doritos,Chips - Segment 1,Chips,250g,PepsiCo,
1.00E+11,Kraft,Condiments - Segment 1,Condiments,250g,Kraft Heinz,
1.00E+11,PC Condiments,Condiments - Segment 4,Condiments,250g,Loblaw,
1.00E+11,Ruffles,Chips - Segment 3,Chips,300g,PepsiCo,
1.00E+11,Kettle,Chips - Segment 2,Chips,750g,Campbell's,
1.00E+11,Aero,Chocolate - Segment 4,Chocolate,500g,Nestle,
1.00E+11,Cheerios,Cereal - Segment 3,Cereal,250g,General Mills,
1.00E+11,Tropicana,Juice - Segment 1,Juice,750g,PepsiCo,
1.00E+11,Oasis,Juice - Segment 2,Juice,300g,Lassonde,
1.00E+11,PC Chips,Chips - Segment 3,Chips,750g,Loblaw,
1.00E+11,Sprite,Soda - Segment 4,Soda,1000g,CocaCola,
1.00E+11,Great Value Condiments,Condiments - Segment 3,Condiments,750g,Walmart,
1.00E+11,Great Value Milk,Milk - Segment 4,Milk,1000g,Walmart,
1.00E+11,Pepsi,Soda - Segment 3,Soda,1000g,PepsiCo,
1.00E+11,Great Value Condiments,Condiments - Segment 3,Condiments,1000g,Walmart,
1.00E+11,Famous Amos,Cookies - Segment 2,Cookies,250g,Ferrero,
1.00E+11,Minute Maid,Juice - Segment 1,Juice,300g,CocaCola,
1.00E+11,Oasis,Juice - Segment 3,Juice,500g,Lassonde,
1.00E+11,Corn Flakes,Cereal - Segment 1,Cereal,750g,Kellogg's,
1.00E+11,Great Value Juice,Juice - Segment 4,Juice,750g,Walmart,
1.00E+11,Beatrice,Milk - Segment 1,Milk,500g,Parmalat,
1.00E+11,Raisin Bran,Cereal - Segment 4,Cereal,300g,Kellogg's,
1.00E+11,Special K,Cereal - Segment 1,Cereal,1000g,Kellogg's,
1.00E+11,Tropicana,Juice - Segment 1,Juice,300g,PepsiCo,
1.00E+11,Miss Vickie's,Chips - Segment 4,Chips,1000g,PepsiCo,
1.00E+11,KitKat,Chocolate - Segment 3,Chocolate,250g,Nestle,
1.00E+11,Tropicana,Juice - Segment 1,Juice,750g,PepsiCo,
1.00E+11,Corn Flakes,Cereal - Segment 2,Cereal,750g,Kellogg's,
1.00E+11,Doritos,Chips - Segment 1,Chips,250g,PepsiCo,
1.00E+11,Canada Dry,Soda - Segment 2,Soda,500g,Keurig Dr Pepper,
1.00E+11,Great Value Condiments,Condiments - Segment 2,Condiments,500g,Walmart,
1.00E+11,Maille,Condiments - Segment 3,Condiments,300g,Unilever,
1.00E+11,Peek Freans,Cookies - Segment 2,Cookies,300g,Mondelez,
1.00E+11,French's,Condiments - Segment 3,Condiments,750g,McCormick,
1.00E+11,Lays,Chips - Segment 1,Chips,750g,PepsiCo,
1.00E+11,French's,Condiments - Segment 3,Condiments,1000g,McCormick,
1.00E+11,7UP,Soda - Segment 4,Soda,750g,PepsiCo,
1.00E+11,Canada Dry,Soda - Segment 4,Soda,300g,Keurig Dr Pepper,
1.00E+11,Doritos,Chips - Segment 2,Chips,300g,PepsiCo,
1.00E+11,Beatrice,Milk - Segment 2,Milk,300g,Parmalat,
1.00E+11,Frosted Flakes,Cereal - Segment 4,Cereal,1000g,Kellogg's,
1.00E+11,Raisin Bran,Cereal - Segment 4,Cereal,250g,Kellogg's,
1.00E+11,Pepsi,Soda - Segment 2,Soda,750g,PepsiCo,
1.00E+11,Dr Pepper,Soda - Segment 3,Soda,300g,Keurig Dr Pepper,
1.00E+11,Pringles,Chips - Segment 1,Chips,750g,Kellogg's,
1.00E+11,Heinz,Condiments - Segment 1,Condiments,300g,Kraft Heinz,
1.00E+11,Hershey,Chocolate - Segment 1,Chocolate,300g,Hershey,
1.00E+11,Beatrice,Milk - Segment 2,Milk,500g,Parmalat,
1.00E+11,Neilson,Milk - Segment 4,Milk,750g,Saputo,
1.00E+11,Vector,Cereal - Segment 3,Cereal,750g,Kellogg's,
1.00E+11,Lays,Chips - Segment 3,Chips,1000g,PepsiCo,
1.00E+11,Liberta,Yogurt - Segment 1,Yogurt,1000g,General Mills,
1.00E+11,Corn Flakes,Cereal - Segment 4,Cereal,500g,Kellogg's,
1.00E+11,Lays,Chips - Segment 2,Chips,300g,PepsiCo,
1.00E+11,Voortman,Cookies - Segment 2,Cookies,250g,Hostess,
1.00E+11,Great Value Yogurt,Yogurt - Segment 4,Yogurt,300g,Walmart,
1.00E+11,Smarties,Chocolate - Segment 4,Chocolate,500g,Nestle,
1.00E+11,Great Value Condiments,Condiments - Segment 4,Condiments,250g,Walmart,
1.00E+11,Oreo,Cookies - Segment 1,Cookies,750g,Mondelez,
1.00E+11,Vector,Cereal - Segment 1,Cereal,250g,Kellogg's,
1.00E+11,Oreo,Cookies - Segment 2,Cookies,250g,Mondelez,
1.00E+11,Special K,Cereal - Segment 1,Cereal,300g,Kellogg's,
1.00E+11,Dr Pepper,Soda - Segment 2,Soda,300g,Keurig Dr Pepper,
1.00E+11,Oasis,Juice - Segment 4,Juice,1000g,Lassonde,
1.00E+11,Simply,Juice - Segment 4,Juice,1000g,CocaCola,
1.00E+11,Smarties,Chocolate - Segment 2,Chocolate,300g,Nestle,
1.00E+11,Simply,Juice - Segment 1,Juice,300g,CocaCola,
1.00E+11,KitKat,Chocolate - Segment 1,Chocolate,250g,Nestle,
1.00E+11,Lactantia,Milk - Segment 3,Milk,250g,Parmalat,
1.00E+11,Doritos,Chips - Segment 2,Chips,750g,PepsiCo,
1.00E+11,Great Value Condiments,Condiments - Segment 4,Condiments,300g,Walmart,
1.00E+11,Reese,Chocolate - Segment 2,Chocolate,1000g,Hershey,
1.00E+11,Liberta,Yogurt - Segment 3,Yogurt,300g,General Mills,
1.00E+11,Great Value Juice,Juice - Segment 2,Juice,300g,Walmart,
1.00E+11,Hellmann's,Condiments - Segment 4,Condiments,300g,Unilever,
1.00E+11,Natrel,Milk - Segment 4,Milk,1000g,Agropur,
1.00E+11,PC Juice,Juice - Segment 4,Juice,1000g,Loblaw,
1.00E+11,Miss Vickie's,Chips - Segment 4,Chips,250g,PepsiCo,
1.00E+11,Kraft,Condiments - Segment 1,Condiments,500g,Kraft Heinz,
1.00E+11,Kraft,Condiments - Segment 4,Condiments,1000g,Kraft Heinz,
1.00E+11,Yoplait,Yogurt - Segment 2,Yogurt,300g,General Mills,
1.00E+11,Dad's,Cookies - Segment 1,Cookies,500g,Mondelez,
1.00E+11,Aero,Chocolate - Segment 2,Chocolate,750g,Nestle,
1.00E+11,Smarties,Chocolate - Segment 1,Chocolate,750g,Nestle,
1.00E+11,Rougemont,Juice - Segment 4,Juice,500g,Lassonde,
1.00E+11,Raisin Bran,Cereal - Segment 2,Cereal,300g,Kellogg's,
1.00E+11,KitKat,Chocolate - Segment 3,Chocolate,750g,Nestle,
1.00E+11,PC Yogurt,Yogurt - Segment 1,Yogurt,250g,Loblaw,
1.00E+11,PC Yogurt,Yogurt - Segment 4,Yogurt,750g,Loblaw,
1.00E+11,Aero,Chocolate - Segment 4,Chocolate,500g,Nestle,
1.00E+11,Pepsi,Soda - Segment 1,Soda,500g,PepsiCo,
1.00E+11,Mountain Dew,Soda - Segment 4,Soda,300g,PepsiCo,
1.00E+11,PC Juice,Juice - Segment 4,Juice,1000g,Loblaw,
1.00E+11,PC Juice,Juice - Segment 2,Juice,300g,Loblaw,
1.00E+11,Heinz,Condiments - Segment 1,Condiments,1000g,Kraft Heinz,
1.00E+11,PC Juice,Juice - Segment 1,Juice,250g,Loblaw,
1.00E+11,KitKat,Chocolate - Segment 4,Chocolate,1000g,Nestle,
1.00E+11,Peek Freans,Cookies - Segment 3,Cookies,250g,Mondelez,
1.00E+11,Dr Pepper,Soda - Segment 4,Soda,750g,Keurig Dr Pepper,
1.00E+11,Heinz,Condiments - Segment 1,Condiments,750g,Kraft Heinz,
1.00E+11,Kettle,Chips - Segment 3,Chips,250g,Campbell's,
1.00E+11,French's,Condiments - Segment 3,Condiments,300g,McCormick,
1.00E+11,Pringles,Chips - Segment 3,Chips,500g,Kellogg's,
1.00E+11,Kettle,Chips - Segment 1,Chips,750g,Campbell's,
1.00E+11,Lays,Chips - Segment 1,Chips,500g,PepsiCo,
1.00E+11,Twix,Chocolate - Segment 3,Chocolate,750g,Mars Inc,
1.00E+11,PC Juice,Juice - Segment 4,Juice,300g,Loblaw,
1.00E+11,Iago,Yogurt - Segment 4,Yogurt,250g,Ultima Foods,
1.00E+11,Leclerc,Cookies - Segment 3,Cookies,750g,Leclerc,
1.00E+11,Great Value Juice,Juice - Segment 4,Juice,750g,Walmart,
1.00E+11,Canada Dry,Soda - Segment 3,Soda,250g,Keurig Dr Pepper,
1.00E+11,Oreo,Cookies - Segment 4,Cookies,500g,Mondelez,
1.00E+11,Neilson,Milk - Segment 2,Milk,1000g,Saputo,
1.00E+11,Special K,Cereal - Segment 2,Cereal,250g,Kellogg's,
1.00E+11,Reese,Chocolate - Segment 1,Chocolate,250g,Hershey,
1.00E+11,Sealtest,Milk - Segment 3,Milk,500g,Lactalis,
1.00E+11,Twix,Chocolate - Segment 1,Chocolate,1000g,Mars Inc,
1.00E+11,Dad's,Cookies - Segment 4,Cookies,300g,Mondelez,
1.00E+11,Twix,Chocolate - Segment 3,Chocolate,500g,Mars Inc,
1.00E+11,Beatrice,Milk - Segment 3,Milk,1000g,Parmalat,
1.00E+11,Miss Vickie's,Chips - Segment 2,Chips,500g,PepsiCo,
1.00E+11,Great Value Milk,Milk - Segment 2,Milk,300g,Walmart,
1.00E+11,Oreo,Cookies - Segment 4,Cookies,300g,Mondelez,
1.00E+11,Twix,Chocolate - Segment 1,Chocolate,300g,Mars Inc,
1.00E+11,Vector,Cereal - Segment 4,Cereal,1000g,Kellogg's,
1.00E+11,Liberta,Yogurt - Segment 3,Yogurt,500g,General Mills,
1.00E+11,Leclerc,Cookies - Segment 1,Cookies,750g,Leclerc,
1.00E+11,PC Condiments,Condiments - Segment 1,Condiments,300g,Loblaw,
1.00E+11,Hershey,Chocolate - Segment 1,Chocolate,750g,Hershey,
1.00E+11,Peek Freans,Cookies - Segment 4,Cookies,750g,Mondelez,
1.00E+11,Rice Krispies,Cereal - Segment 1,Cereal,250g,Kellogg's,
1.00E+11,Special K,Cereal - Segment 3,Cereal,1000g,Kellogg's,
1.00E+11,Oasis,Juice - Segment 1,Juice,750g,Lassonde,
1.00E+11,Sealtest,Milk - Segment 3,Milk,750g,Lactalis,
1.00E+11,Activia,Yogurt - Segment 1,Yogurt,300g,Danone,
1.00E+11,Lactantia,Milk - Segment 4,Milk,750g,Parmalat,
1.00E+11,Sealtest,Milk - Segment 3,Milk,300g,Lactalis,
1.00E+11,Vector,Cereal - Segment 2,Cereal,250g,Kellogg's,
1.00E+11,Maille,Condiments - Segment 4,Condiments,750g,Unilever,
1.00E+11,Oasis,Juice - Segment 3,Juice,1000g,Lassonde,
1.00E+11,French's,Condiments - Segment 3,Condiments,750g,McCormick,
1.00E+11,Rougemont,Juice - Segment 4,Juice,750g,Lassonde,
1.00E+11,Twix,Chocolate - Segment 2,Chocolate,250g,Mars Inc,
1.00E+11,Oasis,Juice - Segment 3,Juice,750g,Lassonde,
1.00E+11,Sealtest,Milk - Segment 1,Milk,750g,Lactalis,
1.00E+11,Aero,Chocolate - Segment 4,Chocolate,750g,Nestle,
1.00E+11,Mountain Dew,Soda - Segment 1,Soda,500g,PepsiCo,
1.00E+11,Neilson,Milk - Segment 4,Milk,250g,Saputo,
1.00E+11,Mars,Chocolate - Segment 2,Chocolate,300g,Mars Inc,
1.00E+11,Ruffles,Chips - Segment 4,Chips,750g,PepsiCo,
1.00E+11,Neilson,Milk - Segment 2,Milk,250g,Saputo,
1.00E+11,Sealtest,Milk - Segment 1,Milk,500g,Lactalis,
1.00E+11,KitKat,Chocolate - Segment 2,Chocolate,500g,Nestle,
1.00E+11,Maille,Condiments - Segment 1,Condiments,750g,Unilever,
1.00E+11,Mountain Dew,Soda - Segment 2,Soda,500g,PepsiCo,
1.00E+11,Pringles,Chips - Segment 4,Chips,1000g,Kellogg's,
1.00E+11,French's,Condiments - Segment 2,Condiments,1000g,McCormick,
1.00E+11,Kettle,Chips - Segment 1,Chips,250g,Campbell's,
1.00E+11,Reese,Chocolate - Segment 3,Chocolate,750g,Hershey,
1.00E+11,Dad's,Cookies - Segment 4,Cookies,500g,Mondelez,
1.00E+11,Corn Flakes,Cereal - Segment 2,Cereal,1000g,Kellogg's,
1.00E+11,Beatrice,Milk - Segment 4,Milk,1000g,Parmalat,
1.00E+11,PC Chips,Chips - Segment 4,Chips,1000g,Loblaw,
1.00E+11,Sprite,Soda - Segment 1,Soda,250g,CocaCola,
1.00E+11,Smarties,Chocolate - Segment 4,Chocolate,250g,Nestle,
1.00E+11,Iago,Yogurt - Segment 1,Yogurt,750g,Ultima Foods,
1.00E+11,Mars,Chocolate - Segment 3,Chocolate,750g,Mars Inc,
1.00E+11,Simply,Juice - Segment 4,Juice,250g,CocaCola,
1.00E+11,Leclerc,Cookies - Segment 1,Cookies,250g,Leclerc,
1.00E+11,Famous Amos,Cookies - Segment 4,Cookies,300g,Ferrero,
1.00E+11,KitKat,Chocolate - Segment 2,Chocolate,500g,Nestle,
1.00E+11,Mountain Dew,Soda - Segment 2,Soda,1000g,PepsiCo,
1.00E+11,Iago,Yogurt - Segment 4,Yogurt,250g,Ultima Foods,
1.00E+11,Liberta,Yogurt - Segment 1,Yogurt,750g,General Mills,
1.00E+11,Sprite,Soda - Segment 4,Soda,250g,CocaCola,
1.00E+11,Dad's,Cookies - Segment 2,Cookies,250g,Mondelez,
1.00E+11,Lactantia,Milk - Segment 3,Milk,300g,Parmalat,
1.00E+11,Sealtest,Milk - Segment 1,Milk,500g,Lactalis,
1.00E+11,Sprite,Soda - Segment 3,Soda,1000g,CocaCola,
1.00E+11,Liberta,Yogurt - Segment 2,Yogurt,500g,General Mills,
1.00E+11,Maille,Condiments - Segment 2,Condiments,1000g,Unilever,
1.00E+11,PC Yogurt,Yogurt - Segment 1,Yogurt,1000g,Loblaw,
1.00E+11,Special K,Cereal - Segment 4,Cereal,250g,Kellogg's,
1.00E+11,Vector,Cereal - Segment 3,Cereal,750g,Kellogg's,
1.00E+11,Special K,Cereal - Segment 4,Cereal,500g,Kellogg's,
1.00E+11,Smarties,Chocolate - Segment 1,Chocolate,300g,Nestle,
1.00E+11,Maille,Condiments - Segment 2,Condiments,500g,Unilever,
1.00E+11,Reese,Chocolate - Segment 4,Chocolate,500g,Hershey,
1.00E+11,Lactantia,Milk - Segment 1,Milk,1000g,Parmalat,
1.00E+11,Vector,Cereal - Segment 2,Cereal,250g,Kellogg's,
1.00E+11,Mountain Dew,Soda - Segment 2,Soda,300g,PepsiCo,
1.00E+11,Miss Vickie's,Chips - Segment 3,Chips,300g,PepsiCo,
1.00E+11,Canada Dry,Soda - Segment 4,Soda,1000g,Keurig Dr Pepper,
1.00E+11,Voortman,Cookies - Segment 1,Cookies,300g,Hostess,
1.00E+11,Kraft,Condiments - Segment 1,Condiments,250g,Kraft Heinz,
1.00E+11,Minute Maid,Juice - Segment 2,Juice,300g,CocaCola,
1.00E+11,Minute Maid,Juice - Segment 3,Juice,750g,CocaCola,
1.00E+11,Voortman,Cookies - Segment 2,Cookies,300g,Hostess,
1.00E+11,Pepsi,Soda - Segment 3,Soda,250g,PepsiCo,
1.00E+11,Activia,Yogurt - Segment 3,Yogurt,500g,Danone,
1.00E+11,Twix,Chocolate - Segment 3,Chocolate,300g,Mars Inc,
1.00E+11,7UP,Soda - Segment 1,Soda,500g,PepsiCo,
1.00E+11,Great Value Condiments,Condiments - Segment 4,Condiments,1000g,Walmart,
1.00E+11,Beatrice,Milk - Segment 2,Milk,750g,Parmalat,
1.00E+11,Sealtest,Milk - Segment 4,Milk,500g,Lactalis,
1.00E+11,Rice Krispies,Cereal - Segment 4,Cereal,1000g,Kellogg's,
1.00E+11,Great Value Milk,Milk - Segment 2,Milk,500g,Walmart,
1.00E+11,Miss Vickie's,Chips - Segment 4,Chips,500g,PepsiCo,
1.00E+11,Great Value Yogurt,Yogurt - Segment 4,Yogurt,300g,Walmart,
1.00E+11,Iago,Yogurt - Segment 1,Yogurt,1000g,Ultima Foods,
1.00E+11,Great Value Yogurt,Yogurt - Segment 2,Yogurt,250g,Walmart,
1.00E+11,Mountain Dew,Soda - Segment 1,Soda,300g,PepsiCo,
1.00E+11,Rice Krispies,Cereal - Segment 3,Cereal,1000g,Kellogg's,
1.00E+11,Maille,Condiments - Segment 1,Condiments,500g,Unilever,
1.00E+11,Pepsi,Soda - Segment 4,Soda,250g,PepsiCo,
1.00E+11,Lactantia,Milk - Segment 4,Milk,250g,Parmalat,
1.00E+11,Tropicana,Juice - Segment 3,Juice,1000g,PepsiCo,
1.00E+11,KitKat,Chocolate - Segment 3,Chocolate,250g,Nestle,
1.00E+11,Pepsi,Soda - Segment 1,Soda,300g,PepsiCo,
1.00E+11,Liberta,Yogurt - Segment 4,Yogurt,750g,General Mills,
1.00E+11,PC Juice,Juice - Segment 1,Juice,500g,Loblaw,
1.00E+11,Agropur,Milk - Segment 3,Milk,500g,Agropur,
1.00E+11,PC Condiments,Condiments - Segment 2,Condiments,750g,Loblaw,
1.00E+11,Heinz,Condiments - Segment 2,Condiments,300g,Kraft Heinz,
1.00E+11,Minute Maid,Juice - Segment 3,Juice,500g,CocaCola,
1.00E+11,KitKat,Chocolate - Segment 3,Chocolate,500g,Nestle,
1.00E+11,Kraft,Condiments - Segment 2,Condiments,750g,Kraft Heinz,
1.00E+11,7UP,Soda - Segment 1,Soda,500g,PepsiCo,
1.00E+11,Hershey,Chocolate - Segment 3,Chocolate,750g,Hershey,
1.00E+11,Corn Flakes,Cereal - Segment 3,Cereal,1000g,Kellogg's,
1.00E+11,Activia,Yogurt - Segment 3,Yogurt,300g,Danone,
1.00E+11,Reese,Chocolate - Segment 1,Chocolate,300g,Hershey,
1.00E+11,7UP,Soda - Segment 4,Soda,750g,PepsiCo,
1.00E+11,Oasis,Juice - Segment 1,Juice,300g,Lassonde,
1.00E+11,Minute Maid,Juice - Segment 4,Juice,300g,CocaCola,
1.00E+11,Oreo,Cookies - Segment 4,Cookies,1000g,Mondelez,
1.00E+11,Doritos,Chips - Segment 2,Chips,250g,PepsiCo,
1.00E+11,Yoplait,Yogurt - Segment 3,Yogurt,1000g,General Mills,
1.00E+11,Maille,Condiments - Segment 2,Condiments,1000g,Unilever,
1.00E+11,Dad's,Cookies - Segment 3,Cookies,250g,Mondelez,
1.00E+11,Cheerios,Cereal - Segment 4,Cereal,750g,General Mills,
1.00E+11,Aero,Chocolate - Segment 1,Chocolate,500g,Nestle,
1.00E+11,Raisin Bran,Cereal - Segment 4,Cereal,300g,Kellogg's,
1.00E+11,Vector,Cereal - Segment 4,Cereal,300g,Kellogg's,
1.00E+11,Hellmann's,Condiments - Segment 4,Condiments,1000g,Unilever,
1.00E+11,Lactantia,Milk - Segment 3,Milk,1000g,Parmalat,
1.00E+11,Yoplait,Yogurt - Segment 3,Yogurt,300g,General Mills,
1.00E+11,Agropur,Milk - Segment 3,Milk,1000g,Agropur,
1.00E+11,Natrel,Milk - Segment 2,Milk,1000g,Agropur,
1.00E+11,Frosted Flakes,Cereal - Segment 4,Cereal,250g,Kellogg's,
1.00E+11,PC Condiments,Condiments - Segment 1,Condiments,500g,Loblaw,
1.00E+11,Sealtest,Milk - Segment 2,Milk,300g,Lactalis,
1.00E+11,Pepsi,Soda - Segment 1,Soda,300g,PepsiCo,
1.00E+11,Minute Maid,Juice - Segment 4,Juice,750g,CocaCola,
1.00E+11,7UP,Soda - Segment 3,Soda,500g,PepsiCo,
1.00E+11,Vector,Cereal - Segment 2,Cereal,250g,Kellogg's,
1.00E+11,Voortman,Cookies - Segment 4,Cookies,500g,Hostess,
1.00E+11,KitKat,Chocolate - Segment 3,Chocolate,1000g,Nestle,
1.00E+11,Chips Ahoy,Cookies - Segment 1,Cookies,300g,Mondelez,
1.00E+11,PC Yogurt,Yogurt - Segment 2,Yogurt,500g,Loblaw,
1.00E+11,Natrel,Milk - Segment 1,Milk,500g,Agropur,
1.00E+11,Corn Flakes,Cereal - Segment 4,Cereal,1000g,Kellogg's,
1.00E+11,KitKat,Chocolate - Segment 3,Chocolate,750g,Nestle,
1.00E+11,Neilson,Milk - Segment 3,Milk,1000g,Saputo,
1.00E+11,Reese,Chocolate - Segment 2,Chocolate,300g,Hershey,
1.00E+11,Heinz,Condiments - Segment 3,Condiments,1000g,Kraft Heinz,
1.00E+11,Great Value Condiments,Condiments - Segment 2,Condiments,500g,Walmart,
1.00E+11,Oreo,Cookies - Segment 4,Cookies,750g,Mondelez,
1.00E+11,Oasis,Juice - Segment 3,Juice,300g,Lassonde,
1.00E+11,Lactantia,Milk - Segment 3,Milk,250g,Parmalat,
1.00E+11,Pringles,Chips - Segment 2,Chips,300g,Kellogg's,
1.00E+11,Leclerc,Cookies - Segment 4,Cookies,1000g,Leclerc,
1.00E+11,7UP,Soda - Segment 2,Soda,500g,PepsiCo,
1.00E+11,Peek Freans,Cookies - Segment 1,Cookies,250g,Mondelez,
1.00E+11,Canada Dry,Soda - Segment 4,Soda,250g,Keurig Dr Pepper,
1.00E+11,Corn Flakes,Cereal - Segment 4,Cereal,1000g,Kellogg's,
1.00E+11,Raisin Bran,Cereal - Segment 3,Cereal,750g,Kellogg's,
1.00E+11,Doritos,Chips - Segment 2,Chips,250g,PepsiCo,
1.00E+11,Oasis,Juice - Segment 3,Juice,500g,Lassonde,
1.00E+11,PC Yogurt,Yogurt - Segment 4,Yogurt,1000g,Loblaw,
1.00E+11,Vector,Cereal - Segment 4,Cereal,250g,Kellogg's,
1.00E+11,Sprite,Soda - Segment 2,Soda,750g,CocaCola,
1.00E+11,Agropur,Milk - Segment 3,Milk,250g,Agropur,
1.00E+11,Dad's,Cookies - Segment 2,Cookies,500g,Mondelez,
1.00E+11,Kettle,Chips - Segment 4,Chips,750g,Campbell's,
1.00E+11,Cheerios,Cereal - Segment 2,Cereal,300g,General Mills,
1.00E+11,Voortman,Cookies - Segment 4,Cookies,250g,Hostess,
1.00E+11,Liberta,Yogurt - Segment 4,Yogurt,500g,General Mills,
1.00E+11,Sprite,Soda - Segment 3,Soda,1000g,CocaCola,
1.00E+11,Liberta,Yogurt - Segment 3,Yogurt,500g,General Mills,
1.00E+11,Dr Pepper,Soda - Segment 3,Soda,1000g,Keurig Dr Pepper,
1.00E+11,Voortman,Cookies - Segment 4,Cookies,750g,Hostess,
1.00E+11,Special K,Cereal - Segment 4,Cereal,1000g,Kellogg's,
1.00E+11,Agropur,Milk - Segment 3,Milk,1000g,Agropur,
1.00E+11,Agropur,Milk - Segment 2,Milk,250g,Agropur,
1.00E+11,Coke,Soda - Segment 4,Soda,500g,CocaCola,
1.00E+11,Raisin Bran,Cereal - Segment 2,Cereal,300g,Kellogg's,
1.00E+11,Chips Ahoy,Cookies - Segment 3,Cookies,500g,Mondelez,
1.00E+11,Rice Krispies,Cereal - Segment 4,Cereal,300g,Kellogg's,
1.00E+11,Dad's,Cookies - Segment 3,Cookies,1000g,Mondelez,
1.00E+11,Rice Krispies,Cereal - Segment 2,Cereal,750g,Kellogg's,
1.00E+11,Iago,Yogurt - Segment 1,Yogurt,500g,Ultima Foods,
1.00E+11,Lactantia,Milk - Segment 1,Milk,300g,Parmalat,
1.00E+11,PC Chips,Chips - Segment 2,Chips,750g,Loblaw,
1.00E+11,Liberta,Yogurt - Segment 2,Yogurt,1000g,General Mills,
1.00E+11,Minute Maid,Juice - Segment 2,Juice,750g,CocaCola,
1.00E+11,Reese,Chocolate - Segment 1,Chocolate,300g,Hershey,
1.00E+11,Great Value Condiments,Condiments - Segment 4,Condiments,500g,Walmart,
1.00E+11,Yoplait,Yogurt - Segment 4,Yogurt,1000g,General Mills,
1.00E+11,7UP,Soda - Segment 3,Soda,300g,PepsiCo,
1.00E+11,Mountain Dew,Soda - Segment 3,Soda,750g,PepsiCo,
1.00E+11,Lays,Chips - Segment 2,Chips,750g,PepsiCo,
1.00E+11,Liberta,Yogurt - Segment 2,Yogurt,1000g,General Mills,
1.00E+11,French's,Condiments - Segment 2,Condiments,1000g,McCormick,
1.00E+11,Chips Ahoy,Cookies - Segment 4,Cookies,750g,Mondelez,
1.00E+11,PC Yogurt,Yogurt - Segment 4,Yogurt,750g,Loblaw,
1.00E+11,PC Yogurt,Yogurt - Segment 1,Yogurt,250g,Loblaw,
1.00E+11,Yoplait,Yogurt - Segment 1,Yogurt,300g,General Mills,
1.00E+11,Oasis,Juice - Segment 2,Juice,500g,Lassonde,
1.00E+11,PC Juice,Juice - Segment 2,Juice,300g,Loblaw,
1.00E+11,Mars,Chocolate - Segment 1,Chocolate,300g,Mars Inc,
1.00E+11,Great Value Yogurt,Yogurt - Segment 1,Yogurt,250g,Walmart,
1.00E+11,Canada Dry,Soda - Segment 1,Soda,1000g,Keurig Dr Pepper,
1.00E+11,Peek Freans,Cookies - Segment 2,Cookies,500g,Mondelez,
1.00E+11,Hershey,Chocolate - Segment 3,Chocolate,1000g,Hershey,
1.00E+11,Cheerios,Cereal - Segment 2,Cereal,750g,General Mills,
1.00E+11,Sprite,Soda - Segment 3,Soda,750g,CocaCola,
1.00E+11,Kraft,Condiments - Segment 1,Condiments,250g,Kraft Heinz,
1.00E+11,Canada Dry,Soda - Segment 3,Soda,750g,Keurig Dr Pepper,
1.00E+11,Lays,Chips - Segment 1,Chips,750g,PepsiCo,
1.00E+11,KitKat,Chocolate - Segment 1,Chocolate,1000g,Nestle,
1.00E+11,Lays,Chips - Segment 3,Chips,1000g,PepsiCo,
1.00E+11,Twix,Chocolate - Segment 2,Chocolate,300g,Mars Inc,
1.00E+11,Mountain Dew,Soda - Segment 1,Soda,750g,PepsiCo,
1.00E+11,Voortman,Cookies - Segment 4,Cookies,750g,Hostess,
1.00E+11,Oikos,Yogurt - Segment 1,Yogurt,750g,Danone,
1.00E+11,Leclerc,Cookies - Segment 1,Cookies,500g,Leclerc,
1.00E+11,Kettle,Chips - Segment 2,Chips,300g,Campbell's,
1.00E+11,Rougemont,Juice - Segment 1,Juice,300g,Lassonde,
1.00E+11,Sealtest,Milk - Segment 1,Milk,500g,Lactalis,
1.00E+11,Hershey,Chocolate - Segment 3,Chocolate,750g,Hershey,
1.00E+11,Hershey,Chocolate - Segment 3,Chocolate,300g,Hershey,
1.00E+11,Mountain Dew,Soda - Segment 3,Soda,1000g,PepsiCo,
1.00E+11,PC Yogurt,Yogurt - Segment 2,Yogurt,750g,Loblaw,
1.00E+11,French's,Condiments - Segment 4,Condiments,300g,McCormick,
1.00E+11,Miss Vickie's,Chips - Segment 4,Chips,500g,PepsiCo,
1.00E+11,Natrel,Milk - Segment 1,Milk,250g,Agropur,
1.00E+11,Coke,Soda - Segment 3,Soda,300g,CocaCola,
1.00E+11,Liberta,Yogurt - Segment 1,Yogurt,500g,General Mills,
1.00E+11,KitKat,Chocolate - Segment 2,Chocolate,1000g,Nestle,
1.00E+11,Kettle,Chips - Segment 4,Chips,750g,Campbell's,
1.00E+11,Activia,Yogurt - Segment 2,Yogurt,1000g,Danone,
1.00E+11,PC Juice,Juice - Segment 4,Juice,300g,Loblaw,
1.00E+11,Famous Amos,Cookies - Segment 3,Cookies,300g,Ferrero,
1.00E+11,Simply,Juice - Segment 3,Juice,300g,CocaCola,
1.00E+11,Liberta,Yogurt - Segment 4,Yogurt,300g,General Mills,
1.00E+11,Corn Flakes,Cereal - Segment 1,Cereal,750g,Kellogg's,
1.00E+11,Miss Vickie's,Chips - Segment 3,Chips,300g,PepsiCo,
1.00E+11,Doritos,Chips - Segment 3,Chips,250g,PepsiCo,
1.00E+11,Hershey,Chocolate - Segment 4,Chocolate,500g,Hershey,
1.00E+11,Simply,Juice - Segment 1,Juice,250g,CocaCola,
1.00E+11,Pepsi,Soda - Segment 4,Soda,1000g,PepsiCo,
1.00E+11,PC Juice,Juice - Segment 1,Juice,300g,Loblaw,
1.00E+11,Aero,Chocolate - Segment 3,Chocolate,300g,Nestle,
1.00E+11,Cheerios,Cereal - Segment 1,Cereal,300g,General Mills,
1.00E+11,PC Juice,Juice - Segment 2,Juice,1000g,Loblaw,
1.00E+11,Oreo,Cookies - Segment 1,Cookies,500g,Mondelez,
1.00E+11,Mountain Dew,Soda - Segment 2,Soda,500g,PepsiCo,
1.00E+11,Miss Vickie's,Chips - Segment 2,Chips,500g,PepsiCo,
1.00E+11,Hershey,Chocolate - Segment 1,Chocolate,1000g,Hershey,
1.00E+11,Hellmann's,Condiments - Segment 1,Condiments,500g,Unilever,
1.00E+11,PC Condiments,Condiments - Segment 2,Condiments,1000g,Loblaw,
1.00E+11,PC Yogurt,Yogurt - Segment 2,Yogurt,300g,Loblaw,
1.00E+11,Hershey,Chocolate - Segment 3,Chocolate,300g,Hershey,
1.00E+11,Dad's,Cookies - Segment 2,Cookies,300g,Mondelez,
1.00E+11,Mountain Dew,Soda - Segment 1,Soda,500g,PepsiCo,
1.00E+11,Raisin Bran,Cereal - Segment 4,Cereal,250g,Kellogg's,
1.00E+11,Tropicana,Juice - Segment 3,Juice,500g,PepsiCo,
1.00E+11,Oikos,Yogurt - Segment 3,Yogurt,300g,Danone,
1.00E+11,Tropicana,Juice - Segment 3,Juice,250g,PepsiCo,
1.00E+11,Chips Ahoy,Cookies - Segment 4,Cookies,1000g,Mondelez,
1.00E+11,Pringles,Chips - Segment 3,Chips,1000g,Kellogg's,
1.00E+11,Miss Vickie's,Chips - Segment 4,Chips,250g,PepsiCo,
1.00E+11,Canada Dry,Soda - Segment 4,Soda,300g,Keurig Dr Pepper,
1.00E+11,KitKat,Chocolate - Segment 4,Chocolate,750g,Nestle,
1.00E+11,Chips Ahoy,Cookies - Segment 4,Cookies,1000g,Mondelez,
1.00E+11,Doritos,Chips - Segment 4,Chips,300g,PepsiCo,
1.00E+11,Smarties,Chocolate - Segment 2,Chocolate,250g,Nestle,
1.00E+11,Special K,Cereal - Segment 4,Cereal,300g,Kellogg's,
1.00E+11,French's,Condiments - Segment 2,Condiments,300g,McCormick,
1.00E+11,PC Yogurt,Yogurt - Segment 4,Yogurt,300g,Loblaw,
1.00E+11,Agropur,Milk - Segment 1,Milk,500g,Agropur,
1.00E+11,Reese,Chocolate - Segment 1,Chocolate,250g,Hershey,
1.00E+11,Kraft,Condiments - Segment 4,Condiments,300g,Kraft Heinz,
1.00E+11,Maille,Condiments - Segment 4,Condiments,750g,Unilever,
1.00E+11,Special K,Cereal - Segment 3,Cereal,1000g,Kellogg's,
1.00E+11,Oreo,Cookies - Segment 3,Cookies,500g,Mondelez,
1.00E+11,Doritos,Chips - Segment 4,Chips,250g,PepsiCo,
1.00E+11,Sprite,Soda - Segment 2,Soda,1000g,CocaCola,
1.00E+11,Sprite,Soda - Segment 2,Soda,300g,CocaCola,
1.00E+11,Tropicana,Juice - Segment 1,Juice,300g,PepsiCo,
1.00E+11,Lactantia,Milk - Segment 1,Milk,1000g,Parmalat,
1.00E+11,Natrel,Milk - Segment 4,Milk,750g,Agropur,
1.00E+11,Aero,Chocolate - Segment 4,Chocolate,500g,Nestle,
1.00E+11,Kettle,Chips - Segment 1,Chips,750g,Campbell's,
1.00E+11,Voortman,Cookies - Segment 2,Cookies,300g,Hostess,
1.00E+11,Hershey,Chocolate - Segment 4,Chocolate,300g,Hershey,
1.00E+11,Peek Freans,Cookies - Segment 2,Cookies,500g,Mondelez,
1.00E+11,Oreo,Cookies - Segment 1,Cookies,500g,Mondelez,
1.00E+11,Yoplait,Yogurt - Segment 1,Yogurt,250g,General Mills,
1.00E+11,Special K,Cereal - Segment 1,Cereal,1000g,Kellogg's,
1.00E+11,Lactantia,Milk - Segment 1,Milk,1000g,Parmalat,
1.00E+11,Vector,Cereal - Segment 2,Cereal,750g,Kellogg's,
1.00E+11,Hershey,Chocolate - Segment 1,Chocolate,500g,Hershey,
1.00E+11,Rice Krispies,Cereal - Segment 1,Cereal,750g,Kellogg's,
1.00E+11,Mountain Dew,Soda - Segment 3,Soda,750g,PepsiCo,
1.00E+11,PC Condiments,Condiments - Segment 1,Condiments,500g,Loblaw,
1.00E+11,Yoplait,Yogurt - Segment 2,Yogurt,500g,General Mills,
1.00E+11,Voortman,Cookies - Segment 2,Cookies,300g,Hostess,
1.00E+11,KitKat,Chocolate - Segment 4,Chocolate,250g,Nestle,
1.00E+11,Vector,Cereal - Segment 2,Cereal,500g,Kellogg's,
1.00E+11,PC Yogurt,Yogurt - Segment 2,Yogurt,500g,Loblaw,
1.00E+11,Cheerios,Cereal - Segment 3,Cereal,500g,General Mills,
1.00E+11,Kraft,Condiments - Segment 2,Condiments,500g,Kraft Heinz,
1.00E+11,Mars,Chocolate - Segment 2,Chocolate,300g,Mars Inc,
1.00E+11,Rougemont,Juice - Segment 3,Juice,250g,Lassonde,
1.00E+11,Activia,Yogurt - Segment 1,Yogurt,750g,Danone,
1.00E+11,Peek Freans,Cookies - Segment 4,Cookies,300g,Mondelez,
1.00E+11,PC Yogurt,Yogurt - Segment 1,Yogurt,750g,Loblaw,
1.00E+11,Oreo,Cookies - Segment 2,Cookies,500g,Mondelez,
1.00E+11,Liberta,Yogurt - Segment 1,Yogurt,1000g,General Mills,
1.00E+11,PC Juice,Juice - Segment 4,Juice,750g,Loblaw,
1.00E+11,Sprite,Soda - Segment 1,Soda,500g,CocaCola,
1.00E+11,Cheerios,Cereal - Segment 4,Cereal,500g,General Mills,
1.00E+11,Tropicana,Juice - Segment 1,Juice,250g,PepsiCo,
1.00E+11,Hershey,Chocolate - Segment 2,Chocolate,250g,Hershey,
1.00E+11,Simply,Juice - Segment 1,Juice,500g,CocaCola,
1.00E+11,Agropur,Milk - Segment 1,Milk,250g,Agropur,
1.00E+11,Chips Ahoy,Cookies - Segment 1,Cookies,300g,Mondelez,
1.00E+11,KitKat,Chocolate - Segment 4,Chocolate,750g,Nestle,
1.00E+11,Cheerios,Cereal - Segment 3,Cereal,300g,General Mills,
1.00E+11,Natrel,Milk - Segment 1,Milk,1000g,Agropur,
1.00E+11,Yoplait,Yogurt - Segment 2,Yogurt,300g,General Mills,
1.00E+11,Dr Pepper,Soda - Segment 3,Soda,250g,Keurig Dr Pepper,
1.00E+11,Mars,Chocolate - Segment 1,Chocolate,500g,Mars Inc,
1.00E+11,Doritos,Chips - Segment 3,Chips,500g,PepsiCo,
1.00E+11,Lactantia,Milk - Segment 1,Milk,250g,Parmalat,
1.00E+11,Rougemont,Juice - Segment 3,Juice,300g,Lassonde,
1.00E+11,Peek Freans,Cookies - Segment 3,Cookies,300g,Mondelez,
1.00E+11,Tropicana,Juice - Segment 2,Juice,500g,PepsiCo,
1.00E+11,Kettle,Chips - Segment 3,Chips,300g,Campbell's,
1.00E+11,Dad's,Cookies - Segment 2,Cookies,1000g,Mondelez,
1.00E+11,Oreo,Cookies - Segment 4,Cookies,1000g,Mondelez,
1.00E+11,Neilson,Milk - Segment 2,Milk,750g,Saputo,
1.00E+11,Iago,Yogurt - Segment 3,Yogurt,500g,Ultima Foods,
1.00E+11,Mars,Chocolate - Segment 4,Chocolate,250g,Mars Inc,
1.00E+11,Hellmann's,Condiments - Segment 4,Condiments,300g,Unilever,
1.00E+11,PC Chips,Chips - Segment 3,Chips,500g,Loblaw,
1.00E+11,Oikos,Yogurt - Segment 4,Yogurt,250g,Danone,
1.00E+11,Natrel,Milk - Segment 3,Milk,500g,Agropur,
1.00E+11,Canada Dry,Soda - Segment 1,Soda,300g,Keurig Dr Pepper,
1.00E+11,Sprite,Soda - Segment 1,Soda,1000g,CocaCola,
1.00E+11,Frosted Flakes,Cereal - Segment 4,Cereal,1000g,Kellogg's,
1.00E+11,Great Value Condiments,Condiments - Segment 2,Condiments,250g,Walmart,
1.00E+11,Rougemont,Juice - Segment 4,Juice,750g,Lassonde,
1.00E+11,Pepsi,Soda - Segment 2,Soda,300g,PepsiCo,
1.00E+11,Reese,Chocolate - Segment 1,Chocolate,500g,Hershey,
1.00E+11,Lays,Chips - Segment 3,Chips,250g,PepsiCo,
1.00E+11,Raisin Bran,Cereal - Segment 2,Cereal,750g,Kellogg's,
1.00E+11,Maille,Condiments - Segment 4,Condiments,250g,Unilever,
1.00E+11,Miss Vickie's,Chips - Segment 4,Chips,300g,PepsiCo,
1.00E+11,Kraft,Condiments - Segment 3,Condiments,1000g,Kraft Heinz,
1.00E+11,Great Value Condiments,Condiments - Segment 4,Condiments,1000g,Walmart,
1.00E+11,Rice Krispies,Cereal - Segment 4,Cereal,500g,Kellogg's,
1.00E+11,Iago,Yogurt - Segment 3,Yogurt,300g,Ultima Foods,
1.00E+11,Voortman,Cookies - Segment 3,Cookies,1000g,Hostess,
1.00E+11,Pepsi,Soda - Segment 4,Soda,750g,PepsiCo,
1.00E+11,Cheerios,Cereal - Segment 1,Cereal,300g,General Mills,
1.00E+11,Mountain Dew,Soda - Segment 3,Soda,300g,PepsiCo,
1.00E+11,Sealtest,Milk - Segment 2,Milk,300g,Lactalis,
1.00E+11,Reese,Chocolate - Segment 3,Chocolate,300g,Hershey,
1.00E+11,Chips Ahoy,Cookies - Segment 1,Cookies,300g,Mondelez,
1.00E+11,Miss Vickie's,Chips - Segment 3,Chips,1000g,PepsiCo,
1.00E+11,7UP,Soda - Segment 3,Soda,250g,PepsiCo,
1.00E+11,Great Value Juice,Juice - Segment 3,Juice,1000g,Walmart,
1.00E+11,Chips Ahoy,Cookies - Segment 1,Cookies,1000g,Mondelez,
1.00E+11,PC Condiments,Condiments - Segment 2,Condiments,300g,Loblaw,
1.00E+11,Canada Dry,Soda - Segment 3,Soda,250g,Keurig Dr Pepper,
1.00E+11,Peek Freans,Cookies - Segment 1,Cookies,250g,Mondelez,
1.00E+11,Natrel,Milk - Segment 2,Milk,250g,Agropur,
1.00E+11,Canada Dry,Soda - Segment 4,Soda,300g,Keurig Dr Pepper,
1.00E+11,7UP,Soda - Segment 1,Soda,750g,PepsiCo,
1.00E+11,Neilson,Milk - Segment 2,Milk,300g,Saputo,
1.00E+11,French's,Condiments - Segment 4,Condiments,1000g,McCormick,
1.00E+11,Special K,Cereal - Segment 3,Cereal,500g,Kellogg's,
1.00E+11,PC Chips,Chips - Segment 3,Chips,1000g,Loblaw,
1.00E+11,Rice Krispies,Cereal - Segment 4,Cereal,300g,Kellogg's,
1.00E+11,Dr Pepper,Soda - Segment 1,Soda,1000g,Keurig Dr Pepper,
1.00E+11,Famous Amos,Cookies - Segment 1,Cookies,500g,Ferrero,
1.00E+11,Kettle,Chips - Segment 3,Chips,750g,Campbell's,
1.00E+11,PC Chips,Chips - Segment 4,Chips,1000g,Loblaw,
1.00E+11,Activia,Yogurt - Segment 1,Yogurt,250g,Danone,
1.00E+11,Mountain Dew,Soda - Segment 2,Soda,250g,PepsiCo,
1.00E+11,PC Yogurt,Yogurt - Segment 2,Yogurt,250g,Loblaw,
1.00E+11,Tropicana,Juice - Segment 1,Juice,250g,PepsiCo,
1.00E+11,Lactantia,Milk - Segment 1,Milk,750g,Parmalat,
1.00E+11,Yoplait,Yogurt - Segment 4,Yogurt,500g,General Mills,
1.00E+11,Dr Pepper,Soda - Segment 3,Soda,300g,Keurig Dr Pepper,
1.00E+11,Frosted Flakes,Cereal - Segment 3,Cereal,250g,Kellogg's,
1.00E+11,Pringles,Chips - Segment 3,Chips,1000g,Kellogg's,
1.00E+11,Doritos,Chips - Segment 3,Chips,1000g,PepsiCo,
1.00E+11,Special K,Cereal - Segment 2,Cereal,300g,Kellogg's,
1.00E+11,Hellmann's,Condiments - Segment 2,Condiments,500g,Unilever,
1.00E+11,PC Juice,Juice - Segment 4,Juice,500g,Loblaw,
1.00E+11,Special K,Cereal - Segment 3,Cereal,750g,Kellogg's,
1.00E+11,Beatrice,Milk - Segment 3,Milk,1000g,Parmalat,
1.00E+11,Special K,Cereal - Segment 4,Cereal,250g,Kellogg's,
1.00E+11,Minute Maid,Juice - Segment 2,Juice,750g,CocaCola,
1.00E+11,PC Chips,Chips - Segment 3,Chips,750g,Loblaw,
1.00E+11,Maille,Condiments - Segment 3,Condiments,250g,Unilever,
1.00E+11,Natrel,Milk - Segment 3,Milk,750g,Agropur,
1.00E+11,Agropur,Milk - Segment 1,Milk,250g,Agropur,
1.00E+11,Agropur,Milk - Segment 2,Milk,1000g,Agropur,
1.00E+11,Peek Freans,Cookies - Segment 3,Cookies,1000g,Mondelez,
1.00E+11,Oikos,Yogurt - Segment 3,Yogurt,250g,Danone,
1.00E+11,Hershey,Chocolate - Segment 1,Chocolate,300g,Hershey,
1.00E+11,Raisin Bran,Cereal - Segment 2,Cereal,1000g,Kellogg's,
1.00E+11,Voortman,Cookies - Segment 3,Cookies,250g,Hostess,
1.00E+11,Chips Ahoy,Cookies - Segment 2,Cookies,250g,Mondelez,
1.00E+11,Dr Pepper,Soda - Segment 4,Soda,300g,Keurig Dr Pepper,
1.00E+11,Simply,Juice - Segment 1,Juice,500g,CocaCola,
1.00E+11,Corn Flakes,Cereal - Segment 1,Cereal,750g,Kellogg's,
1.00E+11,Beatrice,Milk - Segment 1,Milk,250g,Parmalat,
1.00E+11,French's,Condiments - Segment 2,Condiments,750g,McCormick,
1.00E+11,Lactantia,Milk - Segment 2,Milk,300g,Parmalat,
1.00E+11,Great Value Juice,Juice - Segment 1,Juice,300g,Walmart,
1.00E+11,Tropicana,Juice - Segment 1,Juice,250g,PepsiCo,
1.00E+11,Mars,Chocolate - Segment 1,Chocolate,250g,Mars Inc,
1.00E+11,PC Chips,Chips - Segment 3,Chips,250g,Loblaw,
1.00E+11,Great Value Condiments,Condiments - Segment 4,Condiments,500g,Walmart,
1.00E+11,Mars,Chocolate - Segment 4,Chocolate,300g,Mars Inc,
1.00E+11,Hellmann's,Condiments - Segment 3,Condiments,300g,Unilever,
1.00E+11,Corn Flakes,Cereal - Segment 3,Cereal,750g,Kellogg's,
1.00E+11,Raisin Bran,Cereal - Segment 3,Cereal,250g,Kellogg's,
1.00E+11,Ruffles,Chips - Segment 4,Chips,750g,PepsiCo,
1.00E+11,Great Value Condiments,Condiments - Segment 3,Condiments,1000g,Walmart,
1.00E+11,Liberta,Yogurt - Segment 3,Yogurt,1000g,General Mills,
1.00E+11,Hellmann's,Condiments - Segment 1,Condiments,500g,Unilever,
1.00E+11,Mars,Chocolate - Segment 2,Chocolate,300g,Mars Inc,
1.00E+11,Twix,Chocolate - Segment 4,Chocolate,1000g,Mars Inc,
1.00E+11,PC Yogurt,Yogurt - Segment 1,Yogurt,300g,Loblaw,
1.00E+11,Corn Flakes,Cereal - Segment 3,Cereal,250g,Kellogg's,
1.00E+11,Special K,Cereal - Segment 2,Cereal,300g,Kellogg's,
1.00E+11,Chips Ahoy,Cookies - Segment 4,Cookies,1000g,Mondelez,
1.00E+11,Great Value Condiments,Condiments - Segment 1,Condiments,500g,Walmart,
1.00E+11,Kettle,Chips - Segment 2,Chips,1000g,Campbell's,
1.00E+11,Beatrice,Milk - Segment 1,Milk,250g,Parmalat,
1.00E+11,7UP,Soda - Segment 1,Soda,750g,PepsiCo,
1.00E+11,PC Yogurt,Yogurt - Segment 2,Yogurt,300g,Loblaw,
1.00E+11,Miss Vickie's,Chips - Segment 4,Chips,300g,PepsiCo,
1.00E+11,Hellmann's,Condiments - Segment 4,Condiments,500g,Unilever,
1.00E+11,Great Value Yogurt,Yogurt - Segment 3,Yogurt,750g,Walmart,
1.00E+11,Canada Dry,Soda - Segment 2,Soda,500g,Keurig Dr Pepper,
1.00E+11,Aero,Chocolate - Segment 3,Chocolate,300g,Nestle,
1.00E+11,Dad's,Cookies - Segment 2,Cookies,300g,Mondelez,
1.00E+11,Oikos,Yogurt - Segment 4,Yogurt,500g,Danone,
1.00E+11,Minute Maid,Juice - Segment 4,Juice,300g,CocaCola,
1.00E+11,Lactantia,Milk - Segment 1,Milk,250g,Parmalat,
1.00E+11,Natrel,Milk - Segment 3,Milk,300g,Agropur,
1.00E+11,Great Value Milk,Milk - Segment 3,Milk,1000g,Walmart,
1.00E+11,Hellmann's,Condiments - Segment 2,Condiments,250g,Unilever,
1.00E+11,Hershey,Chocolate - Segment 4,Chocolate,1000g,Hershey,
1.00E+11,Vector,Cereal - Segment 3,Cereal,500g,Kellogg's,
