Store_ID,Retailer,Region,Store_Type,Store_Size
1000,Walmart,South,Wholesale,Large
1001,Costco,Central,Convenience,Small
1002,Loblaws,South,Wholesale,Small
1003,Metro,West,Convenience,Large
1004,Sobeys,South,Convenience,Large
1005,Walmart,East,Convenience,Small
1006,Costco,South,Wholesale,Small
1007,Loblaws,East,Convenience,Small
1008,Metro,South,Wholesale,Medium
1009,Sobeys,North,Wholesale,Small
1010,Walmart,East,Wholesale,Small
1011,Costco,North,Convenience,Large
1012,Loblaws,East,Convenience,Medium
1013,Metro,Central,Wholesale,Small
1014,Sobeys,North,Convenience,Medium
1015,Walmart,East,Convenience,Large
1016,Costco,West,Wholesale,Large
1017,Loblaws,West,Wholesale,Medium
1018,Metro,North,Convenience,Large
1019,Sobeys,North,Convenience,Large
1020,Walmart,West,Convenience,Medium
1021,Costco,West,Convenience,Small
1022,Loblaws,North,Wholesale,Large
1023,Metro,West,Convenience,Small
1024,Sobeys,East,Supermarket,Medium
1025,Walmart,West,Convenience,Large
1026,Costco,West,Supermarket,Medium
1027,Loblaws,East,Wholesale,Small
1028,Metro,West,Convenience,Small
1029,Sobeys,Central,Wholesale,Large
1030,Walmart,West,Wholesale,Small
1031,Costco,West,Wholesale,Large
1032,Loblaws,West,Supermarket,Small
1033,Metro,West,Convenience,Medium
1034,Sobeys,West,Supermarket,Large
1035,Walmart,South,Wholesale,Medium
1036,Costco,East,Supermarket,Small
1037,Loblaws,South,Supermarket,Small
1038,Metro,North,Wholesale,Medium
1039,Sobeys,Central,Wholesale,Small
1040,Walmart,West,Supermarket,Small
1041,Costco,West,Wholesale,Large
1042,Loblaws,North,Convenience,Small
1043,Metro,North,Wholesale,Large
1044,Sobeys,West,Convenience,Large
1045,Walmart,East,Wholesale,Large
1046,Costco,East,Wholesale,Medium
1047,Loblaws,North,Wholesale,Small
1048,Metro,East,Supermarket,Small
1049,Sobeys,North,Supermarket,Small
1050,Walmart,East,Supermarket,Small
1051,Costco,East,Convenience,Large
1052,Loblaws,East,Convenience,Large
1053,Metro,Central,Supermarket,Small
1054,Sobeys,South,Supermarket,Medium
1055,Walmart,Central,Convenience,Medium
1056,Costco,South,Convenience,Medium
1057,Loblaws,Central,Supermarket,Large
1058,Metro,South,Convenience,Large
1059,Sobeys,West,Supermarket,Medium
1060,Walmart,South,Wholesale,Medium
1061,Costco,South,Convenience,Large
1062,Loblaws,South,Convenience,Medium
1063,Metro,Central,Convenience,Medium
1064,Sobeys,South,Convenience,Small
1065,Walmart,Central,Wholesale,Small
1066,Costco,North,Convenience,Medium
1067,Loblaws,South,Supermarket,Small
1068,Metro,East,Supermarket,Small
1069,Sobeys,North,Wholesale,Medium
1070,Walmart,Central,Supermarket,Medium
1071,Costco,East,Supermarket,Medium
1072,Loblaws,East,Convenience,Medium
1073,Metro,South,Convenience,Medium
1074,Sobeys,East,Convenience,Small
1075,Walmart,West,Convenience,Medium
1076,Costco,West,Convenience,Large
1077,Loblaws,East,Wholesale,Small
1078,Metro,Central,Wholesale,Large
1079,Sobeys,South,Supermarket,Small
1080,Walmart,Central,Wholesale,Large
1081,Costco,South,Wholesale,Medium
1082,Loblaws,Central,Convenience,Small
1083,Metro,East,Convenience,Small
1084,Sobeys,East,Wholesale,Medium
1085,Walmart,East,Convenience,Large
1086,Costco,Central,Wholesale,Large
1087,Loblaws,East,Supermarket,Large
1088,Metro,North,Wholesale,Small
1089,Sobeys,South,Convenience,Large
1090,Walmart,Central,Wholesale,Large
1091,Costco,South,Convenience,Medium
1092,Loblaws,East,Wholesale,Small
1093,Metro,Central,Supermarket,Medium
1094,Sobeys,West,Convenience,Small
1095,Walmart,West,Supermarket,Large
1096,Costco,East,Convenience,Medium
1097,Loblaws,South,Wholesale,Large
1098,Metro,North,Supermarket,Large
1099,Sobeys,South,Convenience,Small
1100,Walmart,Central,Wholesale,Large
1101,Costco,Central,Convenience,Small
1102,Loblaws,East,Wholesale,Small
1103,Metro,Central,Wholesale,Large
1104,Sobeys,South,Convenience,Large
1105,Walmart,West,Wholesale,Medium
1106,Costco,North,Supermarket,Medium
1107,Loblaws,Central,Supermarket,Medium
1108,Metro,South,Supermarket,Large
1109,Sobeys,South,Wholesale,Large
1110,Walmart,East,Convenience,Small
1111,Costco,East,Wholesale,Medium
1112,Loblaws,South,Supermarket,Medium
1113,Metro,Central,Convenience,Medium
1114,Sobeys,East,Wholesale,Large
1115,Walmart,Central,Convenience,Small
1116,Costco,East,Wholesale,Medium
1117,Loblaws,Central,Convenience,Small
1118,Metro,West,Wholesale,Large
1119,Sobeys,South,Supermarket,Medium
1120,Walmart,East,Convenience,Medium
1121,Costco,Central,Wholesale,Large
1122,Loblaws,East,Supermarket,Medium
1123,Metro,West,Wholesale,Large
1124,Sobeys,Central,Supermarket,Large
1125,Walmart,North,Convenience,Large
1126,Costco,West,Supermarket,Large
1127,Loblaws,North,Supermarket,Medium
1128,Metro,East,Convenience,Small
1129,Sobeys,Central,Wholesale,Small
1130,Walmart,West,Convenience,Large
1131,Costco,West,Wholesale,Small
1132,Loblaws,South,Supermarket,Large
1133,Metro,North,Wholesale,Small
1134,Sobeys,South,Supermarket,Medium
1135,Walmart,West,Convenience,Large
1136,Costco,Central,Convenience,Medium
1137,Loblaws,Central,Convenience,Large
1138,Metro,North,Supermarket,Large
1139,Sobeys,Central,Convenience,Large
1140,Walmart,North,Convenience,Small
1141,Costco,North,Convenience,Large
1142,Loblaws,South,Wholesale,Small
1143,Metro,West,Wholesale,Medium
1144,Sobeys,South,Convenience,Small
1145,Walmart,South,Convenience,Small
1146,Costco,West,Wholesale,Large
1147,Loblaws,South,Supermarket,Small
1148,Metro,West,Supermarket,Small
1149,Sobeys,West,Wholesale,Medium
1150,Walmart,South,Supermarket,Large
1151,Costco,North,Wholesale,Medium
1152,Loblaws,North,Wholesale,Medium
1153,Metro,North,Supermarket,Small
1154,Sobeys,East,Wholesale,Medium
1155,Walmart,North,Wholesale,Medium
1156,Costco,South,Supermarket,Small
1157,Loblaws,West,Wholesale,Small
1158,Metro,Central,Convenience,Small
1159,Sobeys,North,Supermarket,Small
1160,Walmart,Central,Convenience,Large
1161,Costco,North,Supermarket,Medium
1162,Loblaws,North,Supermarket,Large
1163,Metro,West,Supermarket,Small
1164,Sobeys,Central,Supermarket,Medium
1165,Walmart,Central,Supermarket,Large
1166,Costco,East,Supermarket,Medium
1167,Loblaws,Central,Supermarket,Large
1168,Metro,West,Supermarket,Medium
1169,Sobeys,North,Wholesale,Medium
1170,Walmart,East,Convenience,Small
1171,Costco,East,Supermarket,Small
1172,Loblaws,Central,Wholesale,Small
1173,Metro,Central,Wholesale,Large
1174,Sobeys,North,Supermarket,Medium
1175,Walmart,West,Supermarket,Large
1176,Costco,East,Wholesale,Medium
1177,Loblaws,East,Convenience,Small
1178,Metro,West,Wholesale,Large
1179,Sobeys,West,Convenience,Large
1180,Walmart,South,Convenience,Medium
1181,Costco,South,Wholesale,Medium
1182,Loblaws,East,Wholesale,Medium
1183,Metro,South,Supermarket,Medium
1184,Sobeys,North,Convenience,Medium
1185,Walmart,South,Wholesale,Medium
1186,Costco,South,Wholesale,Medium
1187,Loblaws,Central,Convenience,Large
1188,Metro,South,Convenience,Medium
1189,Sobeys,West,Supermarket,Medium
1190,Walmart,South,Wholesale,Large
1191,Costco,South,Convenience,Small
1192,Loblaws,West,Convenience,Medium
1193,Metro,Central,Convenience,Small
1194,Sobeys,East,Wholesale,Medium
1195,Walmart,West,Convenience,Large
1196,Costco,West,Convenience,Large
1197,Loblaws,East,Supermarket,Large
1198,Metro,East,Convenience,Medium
1199,Sobeys,Central,Supermarket,Medium
